harass5,emailmin,emailhr,educ,polviews,advfront,snapchat,instagrm,wrkstat,email
NA,0,12,16,Moderate,Strongly agree,NA,NA,Working fulltime,720
NA,30,0,12,Liberal,Disagree,No,No,Working fulltime,30
NA,10,0,12,Moderate,Disagree,NA,NA,Working parttime,10
NA,0,2,14,Slightly liberal,Strongly agree,No,Yes,Keeping house,120
NA,0,40,14,Slightly liberal,Strongly agree,NA,NA,Working fulltime,2400
NA,0,0,12,NA,Agree,NA,NA,Working fulltime,0
No,0,2,12,NA,NA,No,No,Keeping house,120
NA,0,10,12,Slightly liberal,Agree,No,No,Working parttime,600
NA,30,0,10,Moderate,Agree,No,No,Temp not working,30
NA,0,1,10,Slightly liberal,Agree,NA,NA,Keeping house,60
No,0,1,18,Liberal,NA,Yes,No,Working fulltime,60
NA,0,2,13,Liberal,Agree,NA,NA,Working fulltime,120
NA,0,25,12,Liberal,Strongly agree,No,No,Working fulltime,1500
No,0,1,10,Slightly liberal,NA,Yes,Yes,Working parttime,60
No,0,0,14,Moderate,NA,Yes,Yes,Working parttime,0
NA,10,0,18,Moderate,Agree,No,No,Retired,10
NA,0,1,12,Liberal,Strongly agree,No,No,"Unempl, laid off",60
NA,0,2,12,Slghtly conservative,Strongly agree,NA,NA,Working fulltime,120
NA,0,0,12,Moderate,Disagree,NA,NA,"Unempl, laid off",0
NA,30,0,12,Conservative,Agree,No,Yes,Working fulltime,30
No,0,5,16,Conservative,NA,No,No,Working parttime,300
NA,0,2,16,Moderate,Agree,NA,NA,Working fulltime,120
NA,0,1,12,Moderate,Agree,NA,NA,Working parttime,60
NA,0,7,16,Moderate,Strongly agree,Yes,No,Working parttime,420
No,30,1,17,Moderate,NA,No,No,Retired,90
NA,0,60,16,Liberal,Strongly agree,No,Yes,Working fulltime,3600
NA,0,4,16,Extremely liberal,Strongly agree,NA,NA,Working fulltime,240
No,0,20,16,Extremely liberal,NA,No,No,Working fulltime,1200
NA,0,45,16,Liberal,Agree,Yes,Yes,Working fulltime,2700
NA,0,2,12,Extremely liberal,Strongly agree,NA,NA,Retired,120
No,0,1,13,Slghtly conservative,NA,Yes,Yes,Working parttime,60
NA,0,0,16,Conservative,Agree,NA,NA,Working parttime,0
NA,0,7,16,Extremely liberal,Strongly agree,No,Yes,Working parttime,420
Yes,0,2,17,Moderate,NA,No,No,Working fulltime,120
NA,0,25,17,Slightly liberal,Agree,No,No,Working fulltime,1500
NA,45,0,10,Slghtly conservative,Agree,NA,NA,"Unempl, laid off",45
NA,20,0,12,Conservative,Agree,No,No,"Unempl, laid off",20
Yes,0,1,13,Slightly liberal,NA,Yes,Yes,School,60
NA,0,60,12,Slightly liberal,Disagree,No,Yes,Working fulltime,3600
NA,20,0,10,Extrmly conservative,Agree,NA,NA,Temp not working,20
NA,0,0,10,NA,Agree,NA,NA,Retired,0
NA,0,44,14,Moderate,Agree,NA,NA,Working fulltime,2640
No,0,1,12,Slghtly conservative,NA,NA,NA,Retired,60
NA,0,1,18,Slightly liberal,Strongly agree,NA,NA,Working parttime,60
NA,0,15,20,Extremely liberal,Agree,NA,NA,Working parttime,900
NA,0,10,18,Extremely liberal,Strongly agree,NA,NA,Working fulltime,600
NA,0,40,14,Slightly liberal,Strongly agree,NA,NA,Working fulltime,2400
NA,0,2,16,Slghtly conservative,Agree,NA,NA,Working fulltime,120
NA,0,2,12,Moderate,Agree,NA,NA,Working fulltime,120
Yes,0,60,16,Moderate,NA,No,Yes,Working fulltime,3600
NA,0,5,12,Moderate,Strongly agree,No,No,Keeping house,300
NA,0,5,19,NA,Strongly agree,NA,NA,Retired,300
No,0,15,15,Extremely liberal,NA,No,Yes,Working fulltime,900
NA,0,1,16,Extremely liberal,Agree,NA,NA,Working fulltime,60
NA,0,10,16,Moderate,Strongly disagree,No,No,Working fulltime,600
No,0,0,12,Moderate,NA,NA,NA,Retired,0
NA,0,5,11,Moderate,Agree,NA,NA,Retired,300
NA,0,3,16,Slightly liberal,Agree,NA,NA,Working fulltime,180
No,0,2,14,Moderate,NA,NA,NA,Working fulltime,120
NA,0,4,20,Moderate,Agree,No,Yes,Working fulltime,240
NA,45,0,19,Extremely liberal,Strongly agree,No,No,Working fulltime,45
No,0,7,12,Moderate,NA,No,No,Retired,420
NA,0,1,18,Slightly liberal,Agree,NA,NA,Working fulltime,60
NA,0,50,12,Moderate,Strongly agree,NA,NA,Working fulltime,3000
NA,0,1,16,Slghtly conservative,Agree,No,No,Retired,60
No,0,1,15,Moderate,NA,NA,NA,School,60
NA,0,10,12,Moderate,Agree,NA,NA,Working fulltime,600
No,0,20,16,Liberal,NA,No,Yes,Working fulltime,1200
NA,0,40,20,Slghtly conservative,Strongly agree,NA,NA,Working fulltime,2400
NA,0,20,16,Conservative,Agree,NA,NA,Working fulltime,1200
NA,30,3,12,Moderate,Agree,NA,NA,Working fulltime,210
NA,0,1,14,Slightly liberal,Strongly agree,NA,NA,Working fulltime,60
NA,0,8,16,Moderate,Agree,NA,NA,Working fulltime,480
NA,0,1,16,Conservative,Agree,NA,NA,Keeping house,60
NA,0,1,14,Slghtly conservative,Strongly agree,NA,NA,Working fulltime,60
No,10,0,14,Extrmly conservative,NA,No,No,Working fulltime,10
NA,0,30,16,Liberal,Strongly agree,No,No,Working fulltime,1800
No,30,0,14,Moderate,NA,NA,NA,Working fulltime,30
NA,0,50,12,Slghtly conservative,Agree,No,No,Working fulltime,3000
NA,0,2,16,Liberal,Strongly agree,NA,NA,Working fulltime,120
NA,0,5,15,Slightly liberal,Agree,No,Yes,Working fulltime,300
NA,0,20,18,Liberal,Strongly agree,NA,NA,Working parttime,1200
NA,0,1,14,Moderate,Agree,NA,NA,Working parttime,60
NA,0,3,16,Moderate,Strongly agree,NA,NA,Keeping house,180
No,0,40,13,Moderate,NA,Yes,No,Working fulltime,2400
NA,0,0,12,Liberal,Agree,NA,NA,Working fulltime,0
NA,0,5,15,Extrmly conservative,Strongly agree,Yes,Yes,Working fulltime,300
NA,0,10,18,Slightly liberal,Agree,NA,NA,Working fulltime,600
No,0,7,13,Moderate,NA,No,Yes,Keeping house,420
No,0,1,11,Moderate,NA,Yes,Yes,Working parttime,60
NA,15,0,12,NA,Strongly agree,No,No,Working parttime,15
Yes,0,1,14,Slightly liberal,NA,No,Yes,Temp not working,60
NA,0,30,14,Moderate,Disagree,NA,NA,Working fulltime,1800
NA,0,20,16,Extremely liberal,Strongly agree,NA,NA,Working parttime,1200
NA,0,1,12,Moderate,Agree,NA,NA,Working parttime,60
NA,0,1,14,Liberal,Agree,NA,NA,Other,60
NA,0,1,12,Extrmly conservative,Agree,Yes,Yes,Keeping house,60
No,0,1,13,Conservative,NA,Yes,Yes,School,60
NA,0,8,12,Extremely liberal,Strongly agree,NA,NA,Working fulltime,480
NA,0,0,8,Slghtly conservative,Dont know,NA,NA,Keeping house,0
NA,0,0,9,Moderate,Agree,NA,NA,Working fulltime,0
NA,0,1,8,Moderate,Agree,NA,NA,Working fulltime,60
NA,0,4,9,Moderate,Agree,NA,NA,Working fulltime,240
No,0,25,14,Liberal,NA,No,No,Working fulltime,1500
NA,0,4,16,Slghtly conservative,Strongly agree,NA,NA,Working fulltime,240
NA,0,1,15,Moderate,Agree,NA,NA,Working parttime,60
NA,0,12,16,Moderate,Strongly agree,NA,NA,Working fulltime,720
NA,0,42,15,Slghtly conservative,Strongly agree,NA,NA,Working fulltime,2520
No,0,2,12,Moderate,NA,No,Yes,Working fulltime,120
No,0,5,16,Moderate,NA,No,No,Working fulltime,300
NA,0,10,16,Slightly liberal,Disagree,No,Yes,Working fulltime,600
No,0,5,20,Liberal,NA,No,No,Working parttime,300
NA,0,10,16,Moderate,Strongly agree,NA,NA,Working fulltime,600
NA,30,0,14,Moderate,Agree,Yes,Yes,Working parttime,30
NA,0,4,20,Slghtly conservative,Strongly agree,NA,NA,"Unempl, laid off",240
No,0,12,12,NA,NA,No,Yes,Working fulltime,720
NA,0,2,15,Slghtly conservative,Strongly agree,NA,NA,School,120
NA,20,0,12,Moderate,Strongly agree,NA,NA,Working parttime,20
No,0,2,19,Slghtly conservative,NA,No,Yes,Retired,120
NA,0,1,16,Moderate,Agree,Yes,Yes,Working fulltime,60
NA,0,0,12,Moderate,Agree,NA,NA,Working fulltime,0
NA,0,8,13,Liberal,Agree,NA,NA,Working fulltime,480
No,0,8,14,Extrmly conservative,NA,Yes,Yes,Working parttime,480
NA,0,5,12,Moderate,Agree,NA,NA,Working fulltime,300
NA,0,5,16,Moderate,Agree,No,No,Working fulltime,300
No,0,5,16,Conservative,NA,NA,NA,Retired,300
NA,0,2,12,Conservative,Agree,NA,NA,Retired,120
NA,0,8,18,Conservative,Agree,No,No,Working fulltime,480
No,0,2,16,Slghtly conservative,NA,Yes,Yes,Working parttime,120
NA,0,20,19,Conservative,Agree,NA,NA,Working fulltime,1200
NA,0,1,16,Liberal,Strongly agree,NA,NA,Working fulltime,60
NA,2,0,12,Slghtly conservative,Dont know,No,No,Working fulltime,2
No,10,0,12,Slghtly conservative,NA,No,No,Working fulltime,10
NA,10,0,14,Slightly liberal,Strongly agree,NA,NA,Working fulltime,10
NA,0,0,7,Liberal,Dont know,NA,NA,Working fulltime,0
Yes,0,1,12,Conservative,NA,No,No,Working fulltime,60
NA,0,7,12,Moderate,Agree,NA,NA,Keeping house,420
NA,0,1,17,Liberal,Strongly agree,NA,NA,"Unempl, laid off",60
No,0,10,15,Moderate,NA,No,No,Working fulltime,600
NA,0,20,12,NA,Disagree,No,Yes,Working fulltime,1200
No,0,8,20,Slghtly conservative,NA,No,No,Working fulltime,480
No,0,1,14,Liberal,NA,No,No,Working fulltime,60
NA,0,2,12,Slghtly conservative,Agree,Yes,Yes,Working fulltime,120
No,0,2,12,Slightly liberal,NA,Yes,No,Temp not working,120
NA,0,2,16,Moderate,Agree,NA,NA,Working fulltime,120
NA,0,1,13,Slightly liberal,Strongly agree,NA,NA,Retired,60
NA,0,90,14,Moderate,Agree,NA,NA,Working fulltime,5400
NA,0,10,20,Extremely liberal,Strongly agree,NA,NA,Temp not working,600
No,0,2,12,Moderate,NA,No,Yes,Working fulltime,120
NA,0,75,13,Liberal,Agree,NA,NA,"Unempl, laid off",4500
NA,0,5,17,Slghtly conservative,Agree,Yes,Yes,Working parttime,300
Yes,0,1,16,Moderate,NA,No,Yes,Working parttime,60
NA,0,1,12,Extremely liberal,Strongly agree,NA,NA,"Unempl, laid off",60
NA,0,0,13,NA,Agree,No,No,Retired,0
Does not apply (i do not have a job/superior/co-worker),10,0,18,Extremely liberal,NA,No,No,Retired,10
NA,0,5,16,Moderate,Agree,No,Yes,Working parttime,300
NA,0,1,16,Slightly liberal,Agree,NA,NA,Retired,60
No,0,25,16,Slghtly conservative,NA,No,Yes,Working fulltime,1500
NA,0,6,13,Moderate,Agree,NA,NA,Retired,360
NA,40,1,20,Extremely liberal,Strongly agree,NA,NA,Working fulltime,100
Yes,0,10,14,Slightly liberal,NA,NA,NA,Working fulltime,600
NA,0,8,10,Moderate,Agree,Yes,Yes,Working fulltime,480
NA,0,2,9,Slightly liberal,Agree,NA,NA,Keeping house,120
NA,0,1,14,Moderate,Agree,NA,NA,"Unempl, laid off",60
NA,0,10,13,Moderate,Agree,NA,NA,Working fulltime,600
NA,0,0,12,Conservative,Agree,NA,NA,Retired,0
No,0,3,14,Extremely liberal,NA,No,Yes,Working fulltime,180
NA,0,2,12,Conservative,Agree,NA,NA,Working fulltime,120
NA,0,10,17,Liberal,Agree,NA,NA,Working fulltime,600
NA,0,20,19,Liberal,Strongly agree,No,No,Working fulltime,1200
No,0,22,16,Slightly liberal,NA,No,No,Working fulltime,1320
NA,0,20,19,Moderate,Strongly agree,NA,NA,Working fulltime,1200
NA,0,3,11,Moderate,Agree,NA,NA,Retired,180
No,0,0,12,Conservative,NA,No,No,Working parttime,0
NA,0,1,19,Extremely liberal,Strongly agree,NA,NA,"Unempl, laid off",60
NA,0,20,16,Liberal,Strongly agree,NA,NA,Working fulltime,1200
No,0,3,17,Moderate,NA,No,Yes,Working fulltime,180
NA,0,3,13,Moderate,Agree,NA,NA,Keeping house,180
No,0,1,13,Moderate,NA,NA,NA,Keeping house,60
NA,0,0,13,Extrmly conservative,Disagree,NA,NA,Working fulltime,0
NA,0,50,14,Moderate,Agree,NA,NA,Working fulltime,3000
NA,0,10,19,Moderate,Strongly agree,NA,NA,Working fulltime,600
NA,20,0,12,Moderate,Agree,Yes,No,Keeping house,20
No,0,2,10,Liberal,NA,NA,NA,Working fulltime,120
NA,0,3,16,Slightly liberal,Strongly agree,NA,NA,Working fulltime,180
NA,15,0,13,Moderate,Agree,No,Yes,"Unempl, laid off",15
No,0,50,20,Liberal,NA,No,No,Working fulltime,3000
No,0,3,16,Moderate,NA,No,No,Retired,180
NA,0,5,16,Moderate,Agree,No,No,Working fulltime,300
No,0,12,15,Slightly liberal,NA,No,No,Working fulltime,720
NA,0,15,12,Moderate,Disagree,NA,NA,Working fulltime,900
No,0,2,12,Slightly liberal,NA,No,No,Working fulltime,120
NA,0,0,12,Moderate,Agree,NA,NA,Working parttime,0
NA,0,2,16,Liberal,Agree,NA,NA,Retired,120
No,0,12,18,Conservative,NA,No,No,Temp not working,720
NA,0,15,14,Moderate,Agree,NA,NA,Retired,900
NA,0,0,14,Extrmly conservative,Strongly agree,NA,NA,Retired,0
NA,0,0,12,Moderate,Agree,NA,NA,Retired,0
NA,0,0,12,Moderate,Agree,NA,NA,Working parttime,0
NA,0,15,16,Slightly liberal,Disagree,NA,NA,Working fulltime,900
NA,0,15,16,Slghtly conservative,Disagree,NA,NA,Working fulltime,900
NA,0,10,16,Slghtly conservative,Agree,NA,NA,Working fulltime,600
No,0,3,15,Slghtly conservative,NA,Yes,Yes,Working fulltime,180
NA,0,1,13,NA,Disagree,NA,NA,Working fulltime,60
NA,0,8,16,Slghtly conservative,Agree,No,Yes,Working fulltime,480
NA,5,0,18,Moderate,Disagree,No,No,Working fulltime,5
NA,0,1,16,Conservative,Agree,NA,NA,Retired,60
No,10,0,14,Moderate,NA,Yes,Yes,School,10
NA,30,0,12,Slightly liberal,Agree,No,No,Working parttime,30
Yes,0,3,16,Slightly liberal,NA,NA,NA,Working parttime,180
NA,0,2,19,Moderate,Agree,No,No,Working fulltime,120
No,0,2,20,Liberal,NA,Yes,Yes,Working fulltime,120
NA,0,40,15,Moderate,Agree,NA,NA,Working fulltime,2400
NA,0,3,12,Moderate,Disagree,NA,NA,Working fulltime,180
NA,59,0,12,Moderate,Disagree,NA,NA,Working fulltime,59
NA,1,0,18,Liberal,Strongly agree,NA,NA,Keeping house,1
NA,0,12,12,Moderate,Agree,No,No,Working fulltime,720
NA,0,10,12,Extrmly conservative,Disagree,NA,NA,Working fulltime,600
No,0,12,16,Moderate,NA,No,No,Working fulltime,720
NA,0,25,13,Slghtly conservative,Agree,NA,NA,Working fulltime,1500
Yes,0,24,12,Moderate,NA,No,No,Working fulltime,1440
NA,30,0,16,NA,Strongly agree,NA,NA,Retired,30
NA,0,32,18,Moderate,Strongly agree,NA,NA,Working fulltime,1920
No,0,10,12,Conservative,NA,No,No,Working fulltime,600
NA,0,2,15,Liberal,Strongly agree,No,No,"Unempl, laid off",120
NA,0,5,13,Conservative,Strongly agree,NA,NA,Working fulltime,300
No,0,1,18,Conservative,NA,No,No,Keeping house,60
NA,0,10,16,Moderate,Strongly agree,Yes,Yes,Working fulltime,600
NA,0,21,16,Moderate,Strongly disagree,NA,NA,Keeping house,1260
NA,0,6,18,Liberal,Strongly agree,NA,NA,Working fulltime,360
No,0,3,20,Moderate,NA,NA,NA,Retired,180
NA,0,10,16,Moderate,Strongly agree,No,Yes,Retired,600
NA,0,6,12,Slightly liberal,Strongly agree,NA,NA,Retired,360
NA,0,30,18,Slghtly conservative,Agree,Yes,Yes,Working fulltime,1800
NA,0,10,16,Slightly liberal,Agree,NA,NA,Working fulltime,600
No,0,20,16,Liberal,NA,NA,NA,Working fulltime,1200
NA,0,8,18,Slightly liberal,Strongly agree,No,Yes,Working fulltime,480
No,0,10,14,Extremely liberal,NA,No,No,Working fulltime,600
NA,30,0,18,Liberal,Agree,NA,NA,Working fulltime,30
NA,0,10,18,Liberal,Strongly agree,NA,NA,Working fulltime,600
NA,0,30,16,Liberal,Disagree,No,No,Working fulltime,1800
NA,0,22,16,Moderate,Agree,NA,NA,Working fulltime,1320
NA,0,3,13,Conservative,Agree,Yes,Yes,Temp not working,180
NA,0,12,16,Slghtly conservative,Agree,NA,NA,Working fulltime,720
NA,0,7,12,Moderate,Agree,No,No,Keeping house,420
No,0,7,20,Extremely liberal,NA,NA,NA,Working fulltime,420
NA,0,30,16,Slightly liberal,Agree,NA,NA,Working fulltime,1800
NA,0,2,18,Slightly liberal,Agree,NA,NA,Working fulltime,120
No,30,2,19,NA,NA,No,No,Retired,150
No,0,40,15,Moderate,NA,Yes,Yes,Working fulltime,2400
NA,0,30,18,Conservative,Disagree,NA,NA,Working fulltime,1800
NA,0,15,13,Slghtly conservative,Strongly agree,NA,NA,Working fulltime,900
NA,0,0,12,Slightly liberal,Disagree,NA,NA,Working fulltime,0
No,0,7,13,Moderate,NA,Yes,Yes,Working parttime,420
NA,30,12,12,Moderate,Strongly agree,NA,NA,Working parttime,750
NA,0,5,18,Slightly liberal,Agree,No,No,Retired,300
NA,0,10,18,Liberal,Strongly agree,NA,NA,Working fulltime,600
NA,0,20,18,Slightly liberal,Strongly agree,NA,NA,Working fulltime,1200
NA,0,2,10,Liberal,Strongly agree,No,Yes,Working parttime,120
NA,0,50,12,Conservative,Agree,Yes,Yes,Working parttime,3000
NA,0,10,16,Slghtly conservative,Agree,Yes,No,Working fulltime,600
NA,0,0,13,Moderate,Disagree,NA,NA,Retired,0
NA,0,28,14,Slghtly conservative,Agree,NA,NA,Retired,1680
No,0,0,11,Extremely liberal,NA,NA,NA,School,0
NA,20,0,16,Liberal,Agree,NA,NA,Working fulltime,20
No,0,20,16,Slightly liberal,NA,No,No,Working fulltime,1200
NA,5,0,12,Slghtly conservative,Agree,NA,NA,Working fulltime,5
No,0,3,14,Moderate,NA,No,No,Working fulltime,180
NA,0,0,12,Moderate,Agree,NA,NA,Retired,0
NA,20,0,12,Extremely liberal,Disagree,No,No,Working fulltime,20
NA,0,25,16,Slightly liberal,Strongly agree,NA,NA,Working fulltime,1500
No,0,7,12,Moderate,NA,No,No,Working parttime,420
NA,10,1,14,Slghtly conservative,Agree,NA,NA,Other,70
NA,0,7,15,Moderate,Agree,No,No,Working fulltime,420
NA,0,2,12,Extremely liberal,Strongly agree,No,No,Working parttime,120
NA,0,10,17,Moderate,Agree,NA,NA,"Unempl, laid off",600
NA,0,56,17,Slightly liberal,Agree,NA,NA,Working fulltime,3360
NA,0,35,18,Moderate,Disagree,No,Yes,Working fulltime,2100
NA,0,10,12,Moderate,Agree,NA,NA,Retired,600
No,0,20,18,Moderate,NA,No,No,Working fulltime,1200
NA,0,2,16,Liberal,Strongly agree,No,No,Working parttime,120
No,0,2,16,Slghtly conservative,NA,No,No,Working parttime,120
NA,0,10,18,Liberal,Agree,NA,NA,Working fulltime,600
NA,0,1,16,Moderate,Agree,No,Yes,Working fulltime,60
NA,0,10,16,Extremely liberal,Strongly agree,NA,NA,Working fulltime,600
No,0,4,16,Liberal,NA,No,No,Working parttime,240
NA,0,1,18,Slghtly conservative,Agree,No,No,Working fulltime,60
NA,0,1,13,Liberal,Agree,NA,NA,Working fulltime,60
No,0,0,12,Moderate,NA,NA,NA,Retired,0
NA,0,0,9,Moderate,Agree,NA,NA,Retired,0
NA,0,1,16,Liberal,Strongly agree,No,Yes,"Unempl, laid off",60
NA,0,3,12,Extremely liberal,Strongly agree,NA,NA,Keeping house,180
NA,0,2,14,Moderate,Agree,NA,NA,"Unempl, laid off",120
NA,0,12,12,Moderate,Agree,NA,NA,Working fulltime,720
NA,0,20,14,Conservative,Strongly agree,No,No,Working fulltime,1200
NA,0,4,20,Extremely liberal,Agree,NA,NA,Working fulltime,240
NA,0,0,2,Extremely liberal,Strongly agree,NA,NA,Working parttime,0
No,0,4,12,NA,NA,NA,NA,Keeping house,240
NA,0,0,12,Moderate,Strongly agree,NA,NA,Working fulltime,0
NA,0,45,13,Conservative,Agree,NA,NA,Working fulltime,2700
No,0,40,12,Moderate,NA,No,No,Working fulltime,2400
No,0,7,12,Extremely liberal,NA,No,No,Working parttime,420
NA,0,2,13,Moderate,Agree,NA,NA,Working fulltime,120
NA,30,0,12,Conservative,Strongly agree,NA,NA,Working fulltime,30
No,0,14,12,Moderate,NA,NA,NA,School,840
NA,0,3,15,Liberal,Agree,No,Yes,Working parttime,180
NA,0,12,16,Moderate,Agree,NA,NA,Working fulltime,720
No,2,0,12,Moderate,NA,NA,NA,Retired,2
NA,10,1,18,Moderate,Disagree,NA,NA,Retired,70
NA,5,0,12,Liberal,Agree,NA,NA,Working fulltime,5
No,0,2,12,Moderate,NA,No,No,Working fulltime,120
NA,0,60,19,Slightly liberal,Disagree,NA,NA,Working fulltime,3600
NA,20,0,17,Moderate,Agree,NA,NA,Keeping house,20
NA,30,0,10,Moderate,Agree,No,No,Keeping house,30
NA,0,20,13,Moderate,Agree,NA,NA,Working fulltime,1200
NA,0,1,20,Moderate,Strongly agree,NA,NA,Working fulltime,60
NA,0,7,18,Slightly liberal,Strongly agree,NA,NA,Working fulltime,420
NA,0,20,16,Liberal,Strongly agree,NA,NA,Working fulltime,1200
NA,30,2,17,Liberal,Agree,NA,NA,Retired,150
No,0,7,16,Liberal,NA,No,No,Working parttime,420
NA,0,1,14,Liberal,Agree,NA,NA,Working parttime,60
NA,0,10,16,Moderate,Agree,NA,NA,Working parttime,600
NA,0,30,16,Moderate,Agree,NA,NA,Working fulltime,1800
NA,0,5,16,Moderate,Strongly agree,No,No,Keeping house,300
Does not apply (i do not have a job/superior/co-worker),0,0,16,Moderate,NA,NA,NA,Retired,0
NA,40,0,17,Moderate,Strongly agree,NA,NA,Retired,40
NA,10,0,11,Moderate,Agree,No,No,Working fulltime,10
No,0,20,14,Extremely liberal,NA,NA,NA,Working parttime,1200
NA,0,4,13,Moderate,Agree,No,No,Working fulltime,240
Yes,0,10,20,Extremely liberal,NA,No,No,Working parttime,600
NA,0,1,16,Slightly liberal,Disagree,NA,NA,Keeping house,60
NA,0,2,12,Moderate,Agree,NA,NA,Working fulltime,120
No,0,8,12,Moderate,NA,No,Yes,Working fulltime,480
No,0,1,14,Moderate,NA,No,Yes,Working fulltime,60
NA,0,2,10,Conservative,Agree,NA,NA,Working fulltime,120
NA,0,6,12,Moderate,Agree,NA,NA,Working fulltime,360
NA,0,10,15,Moderate,Agree,NA,NA,Retired,600
NA,0,0,12,Slghtly conservative,Strongly agree,NA,NA,Other,0
NA,0,2,14,Moderate,Strongly agree,NA,NA,Working fulltime,120
No,0,1,13,Conservative,NA,No,No,Working fulltime,60
No,2,0,16,Slightly liberal,NA,No,No,Working fulltime,2
NA,0,4,16,Conservative,Agree,NA,NA,Retired,240
NA,0,3,16,Slightly liberal,Agree,NA,NA,Working fulltime,180
No,0,10,12,Moderate,NA,No,Yes,Working parttime,600
No,0,2,16,Conservative,NA,No,No,Keeping house,120
NA,0,0,12,Slghtly conservative,Disagree,NA,NA,Keeping house,0
NA,0,1,16,Moderate,Strongly disagree,NA,NA,Working parttime,60
NA,0,1,12,Extremely liberal,Disagree,NA,NA,Working fulltime,60
NA,0,1,12,Liberal,Disagree,No,No,School,60
NA,0,3,12,Moderate,Agree,NA,NA,"Unempl, laid off",180
NA,0,5,17,Conservative,Agree,NA,NA,Working fulltime,300
NA,0,60,20,Conservative,Strongly agree,NA,NA,Retired,3600
NA,0,10,13,Conservative,Strongly agree,NA,NA,Working fulltime,600
NA,0,10,14,Moderate,Agree,Yes,No,Retired,600
NA,0,8,13,Slghtly conservative,Agree,NA,NA,Other,480
No,0,15,20,Conservative,NA,NA,NA,Working fulltime,900
NA,0,0,12,Conservative,Agree,Yes,Yes,Working fulltime,0
NA,0,0,12,Conservative,Agree,NA,NA,Working fulltime,0
NA,0,10,13,Moderate,Dont know,No,No,Working parttime,600
NA,0,10,13,Moderate,Agree,NA,NA,Working parttime,600
NA,0,2,20,Conservative,Agree,NA,NA,Working fulltime,120
No,0,32,16,Moderate,NA,No,No,Working fulltime,1920
NA,20,0,12,NA,Dont know,NA,NA,Keeping house,20
NA,0,1,11,Moderate,Dont know,NA,NA,Working parttime,60
NA,0,5,14,Extrmly conservative,Agree,NA,NA,Working parttime,300
NA,0,5,12,Moderate,Agree,No,No,Retired,300
NA,0,10,20,Conservative,Strongly agree,NA,NA,Working fulltime,600
NA,0,3,16,Moderate,Agree,No,No,Temp not working,180
NA,30,0,12,Conservative,NA,No,No,Working parttime,30
NA,0,1,10,Slightly liberal,Strongly agree,NA,NA,Retired,60
NA,0,0,16,Moderate,Agree,NA,NA,Working parttime,0
NA,0,1,16,Slghtly conservative,Agree,NA,NA,Working parttime,60
No,0,10,16,Moderate,NA,No,No,Working parttime,600
NA,0,1,20,Extremely liberal,Strongly agree,NA,NA,Retired,60
NA,1,0,11,Conservative,Disagree,No,No,School,1
NA,0,12,16,Slghtly conservative,Agree,NA,NA,Working fulltime,720
NA,0,3,14,Conservative,Strongly agree,NA,NA,Working parttime,180
NA,0,3,14,Slghtly conservative,Agree,NA,NA,Retired,180
NA,0,5,16,Conservative,Disagree,No,No,Working fulltime,300
NA,0,3,17,Liberal,Agree,NA,NA,Working fulltime,180
NA,0,1,12,Moderate,Strongly agree,No,No,Working parttime,60
NA,30,0,16,Slightly liberal,Agree,No,No,Working parttime,30
NA,0,30,16,Moderate,Agree,NA,NA,Working fulltime,1800
NA,0,10,16,Slightly liberal,Agree,NA,NA,Keeping house,600
NA,0,4,19,Conservative,Agree,NA,NA,Working fulltime,240
No,0,9,16,Liberal,NA,Yes,No,Working fulltime,540
No,0,0,16,NA,NA,NA,NA,Working fulltime,0
NA,0,10,19,NA,Strongly agree,NA,NA,Working parttime,600
NA,10,0,13,Liberal,Strongly agree,NA,NA,"Unempl, laid off",10
NA,0,8,20,Slghtly conservative,Agree,Yes,No,Working fulltime,480
NA,0,1,15,Conservative,Agree,No,Yes,Working fulltime,60
NA,0,1,16,Conservative,Agree,NA,NA,Working fulltime,60
NA,0,20,19,Moderate,Agree,Yes,Yes,Working parttime,1200
NA,0,7,12,Conservative,Strongly disagree,NA,NA,Working fulltime,420
NA,0,0,12,Conservative,Agree,No,Yes,Keeping house,0
NA,0,1,12,Extremely liberal,Agree,NA,NA,Other,60
No,5,0,16,Slightly liberal,NA,NA,NA,Working parttime,5
NA,20,0,12,Moderate,Disagree,NA,NA,Working fulltime,20
No,2,0,12,Moderate,NA,Yes,Yes,"Unempl, laid off",2
NA,0,30,11,Slghtly conservative,Agree,NA,NA,Working fulltime,1800
Yes,0,15,16,Slightly liberal,NA,Yes,No,Working fulltime,900
NA,0,22,18,Moderate,Agree,NA,NA,Working fulltime,1320
No,0,1,16,Moderate,NA,No,No,Working fulltime,60
NA,0,0,10,Liberal,Disagree,NA,NA,Keeping house,0
NA,0,5,12,Conservative,Agree,NA,NA,Working fulltime,300
NA,0,8,12,Conservative,Agree,NA,NA,Working fulltime,480
NA,0,0,11,Moderate,Disagree,NA,NA,Working fulltime,0
NA,0,0,9,Moderate,Agree,NA,NA,Keeping house,0
No,0,1,7,Slghtly conservative,NA,No,No,Working fulltime,60
NA,0,1,12,Moderate,Agree,No,No,Working fulltime,60
Yes,0,7,11,Moderate,NA,No,No,Working fulltime,420
NA,0,5,15,Moderate,Agree,NA,NA,School,300
NA,0,4,16,Moderate,Strongly agree,NA,NA,School,240
NA,30,0,12,Moderate,Agree,NA,NA,Retired,30
NA,0,21,16,Slghtly conservative,Agree,No,No,Working fulltime,1260
No,0,10,19,Slghtly conservative,NA,No,No,Working fulltime,600
NA,0,5,12,Moderate,Agree,NA,NA,Working fulltime,300
NA,0,0,6,NA,Agree,NA,NA,Keeping house,0
NA,0,2,16,Liberal,Agree,NA,NA,Working fulltime,120
NA,0,1,12,Liberal,Agree,Yes,Yes,Keeping house,60
NA,0,2,6,Extrmly conservative,Agree,NA,NA,Working fulltime,120
No,0,0,12,Moderate,NA,No,No,Keeping house,0
NA,0,20,14,Moderate,Strongly agree,NA,NA,Working fulltime,1200
NA,0,8,17,Liberal,Strongly agree,NA,NA,Working fulltime,480
Yes,0,8,14,Extremely liberal,NA,NA,NA,Working fulltime,480
NA,0,1,16,Slightly liberal,Agree,NA,NA,"Unempl, laid off",60
NA,0,2,14,Moderate,Agree,NA,NA,Retired,120
Yes,15,20,13,Moderate,NA,No,Yes,Working parttime,1215
NA,0,5,15,Moderate,Strongly agree,Yes,Yes,Working fulltime,300
No,0,1,14,Conservative,NA,NA,NA,Working fulltime,60
NA,0,10,16,Slightly liberal,Agree,No,No,Working fulltime,600
NA,0,0,13,Conservative,Agree,NA,NA,Keeping house,0
NA,0,2,12,Conservative,Agree,NA,NA,Working fulltime,120
NA,0,6,13,Slghtly conservative,Strongly agree,NA,NA,Working fulltime,360
No,30,1,13,Slightly liberal,NA,Yes,No,Keeping house,90
NA,0,6,6,Liberal,Disagree,NA,NA,Working parttime,360
NA,0,2,16,Extremely liberal,Strongly agree,NA,NA,Working fulltime,120
NA,0,1,18,Moderate,Strongly agree,No,No,Working fulltime,60
No,0,45,16,Liberal,NA,Yes,Yes,Working fulltime,2700
No,0,5,14,Moderate,NA,No,Yes,Working fulltime,300
No,0,1,14,Conservative,NA,NA,NA,Working parttime,60
NA,0,22,14,Extremely liberal,Strongly agree,NA,NA,Working fulltime,1320
NA,0,1,14,Liberal,Strongly agree,NA,NA,Working fulltime,60
NA,0,2,11,Liberal,Strongly agree,No,No,Keeping house,120
NA,0,2,13,Slghtly conservative,Agree,NA,NA,Retired,120
NA,0,0,12,Moderate,Disagree,No,No,Keeping house,0
No,0,1,13,Liberal,NA,Yes,Yes,School,60
NA,0,4,12,Slghtly conservative,Disagree,Yes,Yes,Working parttime,240
NA,0,20,15,Slightly liberal,Agree,NA,NA,Working fulltime,1200
NA,0,20,13,Moderate,Agree,NA,NA,Working fulltime,1200
NA,0,2,14,Moderate,Agree,NA,NA,Working fulltime,120
Does not apply (i do not have a job/superior/co-worker),0,0,13,Slightly liberal,NA,Yes,No,Retired,0
NA,0,1,16,Moderate,Disagree,No,Yes,Working fulltime,60
Yes,0,3,11,Slghtly conservative,NA,NA,NA,Working fulltime,180
NA,0,0,13,Moderate,Agree,NA,NA,Retired,0
No,0,20,17,Moderate,NA,No,No,Working fulltime,1200
No,30,1,12,Liberal,NA,NA,NA,Working fulltime,90
NA,0,70,14,NA,Agree,NA,NA,Working fulltime,4200
NA,0,20,13,Moderate,Disagree,NA,NA,Working fulltime,1200
No,0,3,12,Moderate,NA,No,Yes,Working fulltime,180
NA,2,0,11,Moderate,Agree,No,Yes,School,2
NA,0,0,8,Moderate,Agree,Yes,Yes,"Unempl, laid off",0
NA,0,1,14,NA,Agree,NA,NA,Working parttime,60
NA,25,0,12,Slghtly conservative,Agree,NA,NA,Working fulltime,25
NA,0,1,16,Moderate,Agree,No,No,Working parttime,60
NA,0,1,16,Moderate,Agree,NA,NA,Retired,60
NA,0,4,12,Liberal,Strongly agree,NA,NA,Retired,240
NA,0,3,14,Liberal,Agree,Yes,Yes,Working parttime,180
NA,30,0,12,Conservative,Agree,NA,NA,Working fulltime,30
NA,0,1,16,Slghtly conservative,Agree,NA,NA,Retired,60
NA,0,0,12,Slghtly conservative,Strongly agree,NA,NA,Retired,0
NA,0,50,16,Slghtly conservative,Strongly agree,NA,NA,Working fulltime,3000
NA,10,1,12,Slightly liberal,Strongly agree,No,No,"Unempl, laid off",70
NA,0,1,19,Moderate,Strongly agree,NA,NA,Working fulltime,60
NA,0,5,12,Slightly liberal,Agree,Yes,Yes,School,300
NA,0,20,17,Extremely liberal,Strongly agree,NA,NA,Working fulltime,1200
NA,0,20,16,Slightly liberal,Strongly agree,No,No,Working fulltime,1200
No,0,2,12,Moderate,NA,NA,NA,Working fulltime,120
NA,0,0,16,Conservative,Disagree,NA,NA,Retired,0
NA,0,6,12,Liberal,Agree,NA,NA,Retired,360
NA,0,10,14,Conservative,Agree,NA,NA,Working fulltime,600
NA,0,14,16,Slightly liberal,Strongly agree,NA,NA,Retired,840
NA,0,8,16,Slightly liberal,Agree,No,No,Working fulltime,480
Yes,0,1,16,Conservative,NA,NA,NA,Working fulltime,60
NA,20,0,11,NA,Disagree,NA,NA,Working fulltime,20
NA,30,1,12,Moderate,Strongly agree,NA,NA,Working fulltime,90
NA,0,0,12,Liberal,Agree,NA,NA,Retired,0
Yes,0,30,18,Conservative,NA,No,Yes,Working fulltime,1800
NA,0,2,18,Slghtly conservative,Agree,NA,NA,Working parttime,120
NA,0,5,12,Slightly liberal,Strongly agree,NA,NA,"Unempl, laid off",300
NA,0,1,12,Extrmly conservative,Disagree,No,No,Working parttime,60
NA,20,0,12,Moderate,Agree,NA,NA,Retired,20
No,0,6,14,Slightly liberal,NA,Yes,Yes,Working fulltime,360
NA,0,40,15,Moderate,Agree,NA,NA,Working fulltime,2400
Yes,0,50,16,Moderate,NA,No,No,Working fulltime,3000
NA,0,3,16,Moderate,Strongly agree,NA,NA,Working fulltime,180
NA,0,10,16,Slightly liberal,Strongly agree,Yes,Yes,Working fulltime,600
NA,0,0,12,Moderate,Agree,NA,NA,Keeping house,0
Yes,40,0,12,Slightly liberal,NA,No,Yes,Working fulltime,40
NA,30,0,12,Moderate,Agree,NA,NA,Retired,30
NA,0,15,18,Moderate,Agree,NA,NA,Working fulltime,900
No,0,10,13,Slightly liberal,NA,No,No,School,600
NA,0,1,16,Liberal,Strongly agree,No,Yes,"Unempl, laid off",60
NA,15,0,14,Moderate,Strongly agree,NA,NA,Retired,15
NA,0,0,15,Slightly liberal,Agree,NA,NA,Working fulltime,0
Does not apply (i do not have a job/superior/co-worker),0,5,18,Moderate,NA,No,No,Retired,300
NA,0,0,12,Moderate,Strongly agree,No,No,Retired,0
No,0,20,13,Moderate,NA,NA,NA,Working fulltime,1200
No,30,0,19,Moderate,NA,No,No,Retired,30
NA,0,2,17,Liberal,Agree,NA,NA,Retired,120
NA,0,0,13,Moderate,Strongly agree,NA,NA,Working parttime,0
NA,0,20,17,Moderate,Strongly agree,NA,NA,Working fulltime,1200
No,45,0,16,Liberal,NA,No,No,Working parttime,45
NA,0,15,16,Moderate,Strongly agree,NA,NA,Working fulltime,900
NA,0,25,16,Moderate,Strongly agree,NA,NA,Working fulltime,1500
NA,0,8,14,Slightly liberal,Disagree,NA,NA,Working fulltime,480
No,0,25,15,Moderate,NA,No,No,Working parttime,1500
NA,0,5,14,Slghtly conservative,Agree,NA,NA,Working fulltime,300
NA,0,2,12,Slghtly conservative,Agree,No,Yes,Working fulltime,120
NA,0,1,15,Slightly liberal,Agree,NA,NA,Retired,60
NA,30,0,16,Slghtly conservative,Agree,NA,NA,Retired,30
NA,0,4,14,Conservative,Dont know,No,No,Keeping house,240
No,10,0,14,Liberal,NA,No,No,Working parttime,10
No,0,10,18,Liberal,NA,NA,NA,Working fulltime,600
NA,0,10,16,Moderate,Strongly agree,NA,NA,Working fulltime,600
NA,0,12,13,Moderate,Agree,NA,NA,Working parttime,720
Yes,0,0,13,Slightly liberal,NA,No,No,School,0
NA,0,2,10,Liberal,Disagree,No,No,Other,120
NA,0,1,11,Moderate,Agree,NA,NA,Retired,60
No,0,10,12,Moderate,NA,No,No,Working fulltime,600
No,0,1,16,Conservative,NA,Yes,Yes,Temp not working,60
NA,0,2,13,Conservative,Strongly agree,NA,NA,Working parttime,120
NA,0,0,17,Moderate,Agree,No,No,Working fulltime,0
Yes,0,3,20,Liberal,NA,No,No,Keeping house,180
NA,0,1,12,Slghtly conservative,Agree,NA,NA,Keeping house,60
NA,0,5,18,Slghtly conservative,Strongly agree,NA,NA,Working fulltime,300
NA,0,1,12,Slightly liberal,Agree,No,Yes,Keeping house,60
NA,0,20,17,Slghtly conservative,Strongly agree,NA,NA,Retired,1200
No,10,1,16,Slightly liberal,NA,No,No,Working fulltime,70
NA,0,5,12,Moderate,Agree,NA,NA,School,300
NA,0,20,12,Conservative,Agree,NA,NA,Working fulltime,1200
NA,0,0,13,Moderate,Agree,NA,NA,Working fulltime,0
No,0,30,20,Liberal,NA,No,No,Working fulltime,1800
NA,0,1,11,Liberal,Strongly agree,Yes,Yes,Working parttime,60
NA,0,0,12,Moderate,Strongly agree,NA,NA,Working fulltime,0
NA,0,0,13,Moderate,Strongly agree,NA,NA,Keeping house,0
NA,0,30,17,Moderate,Agree,NA,NA,Working fulltime,1800
NA,0,10,18,Moderate,Agree,NA,NA,Working fulltime,600
NA,0,7,17,Slghtly conservative,Disagree,NA,NA,Working fulltime,420
NA,0,40,17,NA,Strongly agree,NA,NA,Working fulltime,2400
No,0,1,14,Moderate,NA,NA,NA,Working fulltime,60
No,0,1,16,Moderate,NA,No,No,Working fulltime,60
NA,0,40,14,NA,Agree,NA,NA,Working fulltime,2400
NA,0,35,12,NA,Disagree,NA,NA,Keeping house,2100
NA,0,2,14,Moderate,Agree,NA,NA,Working fulltime,120
NA,0,2,12,Moderate,Agree,NA,NA,Working fulltime,120
No,0,0,12,Liberal,NA,NA,NA,Keeping house,0
NA,0,1,12,Moderate,Disagree,NA,NA,Working parttime,60
NA,0,0,12,Moderate,Strongly agree,NA,NA,Working parttime,0
NA,30,0,16,Conservative,Agree,NA,NA,Working fulltime,30
No,30,0,15,Slghtly conservative,NA,NA,NA,Working fulltime,30
NA,30,0,14,Moderate,Strongly agree,NA,NA,Keeping house,30
No,0,1,19,Moderate,NA,No,No,Working fulltime,60
NA,0,1,13,Moderate,Strongly agree,NA,NA,Working parttime,60
NA,0,3,12,Moderate,Agree,Yes,No,Working parttime,180
NA,0,12,12,Moderate,Strongly agree,NA,NA,Working fulltime,720
Yes,30,0,14,Slghtly conservative,NA,NA,NA,Working parttime,30
NA,0,5,16,Liberal,Strongly agree,No,No,Working fulltime,300
NA,0,30,13,Moderate,Strongly agree,NA,NA,Working fulltime,1800
NA,30,0,12,Moderate,Disagree,NA,NA,"Unempl, laid off",30
NA,0,3,11,Slightly liberal,Agree,NA,NA,Working fulltime,180
No,0,3,12,Conservative,NA,NA,NA,Retired,180
NA,0,30,12,Moderate,Agree,NA,NA,Working fulltime,1800
NA,0,15,17,NA,Agree,Yes,Yes,"Unempl, laid off",900
NA,0,10,17,Moderate,Strongly agree,NA,NA,Working fulltime,600
NA,0,4,12,Moderate,Agree,NA,NA,"Unempl, laid off",240
NA,0,4,12,Moderate,Agree,NA,NA,Retired,240
NA,0,0,16,Conservative,Agree,NA,NA,Retired,0
Yes,0,1,12,Slghtly conservative,NA,No,No,Working fulltime,60
NA,30,0,20,Moderate,Agree,NA,NA,Working fulltime,30
NA,0,1,16,Conservative,Agree,No,No,Working fulltime,60
NA,0,6,18,Liberal,Agree,NA,NA,Retired,360
Yes,0,15,19,Liberal,NA,No,No,Working fulltime,900
NA,0,1,11,Extremely liberal,Agree,NA,NA,Working fulltime,60
NA,0,5,20,Liberal,Agree,No,No,Temp not working,300
NA,0,1,16,Moderate,Disagree,NA,NA,"Unempl, laid off",60
Yes,0,2,15,Moderate,NA,No,No,Working fulltime,120
NA,0,15,16,Slghtly conservative,Strongly agree,NA,NA,Temp not working,900
No,0,4,15,Slghtly conservative,NA,No,No,Working fulltime,240
NA,0,47,12,Slightly liberal,Strongly agree,NA,NA,Working fulltime,2820
NA,0,40,10,Moderate,Disagree,Yes,No,Working fulltime,2400
Yes,0,8,17,Slghtly conservative,NA,No,No,Working fulltime,480
NA,30,0,14,Moderate,Strongly agree,Yes,Yes,Working parttime,30
NA,30,1,14,NA,Agree,NA,NA,Working fulltime,90
No,0,12,19,Conservative,NA,Yes,No,Working fulltime,720
NA,0,8,18,Extremely liberal,Strongly agree,NA,NA,"Unempl, laid off",480
NA,0,20,17,Liberal,Agree,No,No,Working fulltime,1200
NA,0,1,16,Slghtly conservative,Agree,NA,NA,Working fulltime,60
No,0,2,16,Extremely liberal,NA,No,Yes,Working parttime,120
NA,0,10,20,Slightly liberal,Agree,No,No,Working fulltime,600
No,0,15,13,Moderate,NA,No,No,Retired,900
NA,0,20,18,Slghtly conservative,Strongly agree,No,Yes,Working fulltime,1200
NA,0,15,16,Moderate,Agree,NA,NA,Working fulltime,900
NA,0,10,17,Moderate,Strongly agree,Yes,Yes,Working fulltime,600
Yes,0,5,16,Liberal,NA,No,No,Working fulltime,300
NA,0,1,16,Liberal,Agree,NA,NA,Working fulltime,60
NA,0,1,20,Liberal,Agree,NA,NA,Retired,60
No,0,2,13,Liberal,NA,Yes,No,Working parttime,120
NA,0,2,12,Extrmly conservative,Disagree,NA,NA,Working fulltime,120
NA,0,2,16,Moderate,Strongly agree,No,No,Retired,120
NA,0,15,16,Conservative,Agree,NA,NA,Working fulltime,900
NA,30,1,16,Slightly liberal,Disagree,NA,NA,Working fulltime,90
No,30,8,19,Moderate,NA,No,No,Working fulltime,510
NA,0,1,16,Moderate,Agree,NA,NA,Retired,60
NA,0,17,17,Extremely liberal,Strongly agree,NA,NA,Working parttime,1020
Does not apply (i do not have a job/superior/co-worker),0,2,15,Extremely liberal,NA,NA,NA,Retired,120
NA,0,2,16,Conservative,Agree,NA,NA,Retired,120
No,0,30,16,Liberal,NA,No,No,Working fulltime,1800
NA,0,0,14,Moderate,Strongly agree,NA,NA,Retired,0
NA,0,7,12,Moderate,Agree,NA,NA,Working parttime,420
Yes,0,10,18,Liberal,NA,No,No,Working fulltime,600
NA,0,1,12,Liberal,Agree,NA,NA,Working parttime,60
NA,0,0,9,Moderate,Strongly agree,NA,NA,"Unempl, laid off",0
NA,0,2,14,Moderate,Disagree,NA,NA,Working fulltime,120
NA,0,8,12,Conservative,Strongly agree,NA,NA,Working fulltime,480
NA,0,0,9,Moderate,Strongly agree,NA,NA,Retired,0
NA,0,2,16,Conservative,Agree,NA,NA,Working fulltime,120
No,0,0,11,Extrmly conservative,NA,NA,NA,Keeping house,0
NA,0,1,14,Moderate,Strongly agree,NA,NA,Working fulltime,60
NA,0,2,13,Moderate,Agree,No,No,Working fulltime,120
NA,30,0,16,Moderate,Agree,NA,NA,Working fulltime,30
NA,0,40,16,Conservative,Strongly agree,NA,NA,Retired,2400
NA,0,0,9,Moderate,Disagree,NA,NA,Keeping house,0
No,0,1,12,Moderate,NA,No,No,Working parttime,60
NA,20,0,13,Moderate,Agree,NA,NA,Working fulltime,20
NA,30,0,20,Liberal,Strongly agree,NA,NA,Retired,30
NA,0,2,12,Slightly liberal,Agree,NA,NA,Working fulltime,120
No,0,0,11,Moderate,NA,No,No,Temp not working,0
NA,0,1,12,Conservative,Disagree,No,No,Keeping house,60
Yes,0,15,12,Slghtly conservative,NA,NA,NA,Working fulltime,900
NA,0,1,15,Moderate,Disagree,No,No,Working parttime,60
NA,30,9,19,Liberal,Agree,NA,NA,Retired,570
No,0,3,20,Conservative,NA,No,No,Retired,180
NA,10,0,12,Slghtly conservative,Strongly agree,NA,NA,Keeping house,10
NA,30,0,12,Extrmly conservative,Strongly agree,NA,NA,Retired,30
No,0,5,12,Slghtly conservative,NA,No,No,Working fulltime,300
NA,0,2,12,NA,Strongly agree,NA,NA,Working fulltime,120
NA,0,1,13,Conservative,Agree,No,No,Keeping house,60
No,30,1,15,Moderate,NA,NA,NA,Other,90
NA,0,0,12,Slghtly conservative,Agree,NA,NA,Retired,0
No,30,2,16,Liberal,NA,No,No,Working parttime,150
NA,0,7,16,Extremely liberal,Strongly agree,NA,NA,Temp not working,420
NA,0,2,15,Slghtly conservative,Agree,No,No,Retired,120
No,0,4,13,Extrmly conservative,NA,NA,NA,Retired,240
NA,0,0,15,Moderate,Agree,NA,NA,Retired,0
NA,0,20,14,Slightly liberal,Strongly agree,NA,NA,Working parttime,1200
No,0,2,17,Slightly liberal,NA,Yes,Yes,School,120
NA,0,1,12,Liberal,Agree,NA,NA,School,60
NA,0,1,12,Liberal,Agree,No,Yes,Keeping house,60
NA,10,0,9,Liberal,Disagree,NA,NA,Working parttime,10
NA,0,40,16,Slghtly conservative,Strongly agree,NA,NA,Working fulltime,2400
NA,0,3,13,Moderate,Strongly agree,NA,NA,Working fulltime,180
NA,15,0,14,Slightly liberal,Agree,NA,NA,Retired,15
No,0,1,12,Moderate,NA,Yes,Yes,Working parttime,60
NA,0,1,12,Moderate,Agree,NA,NA,Working fulltime,60
NA,45,1,16,Extrmly conservative,Agree,NA,NA,Working fulltime,105
No,15,0,12,Moderate,NA,No,No,Keeping house,15
NA,20,0,14,Moderate,Strongly agree,NA,NA,Temp not working,20
Yes,0,1,12,Moderate,NA,No,Yes,Temp not working,60
NA,0,2,10,Moderate,Agree,NA,NA,Working parttime,120
No,0,1,12,Conservative,NA,No,No,Working fulltime,60
No,20,0,12,Moderate,NA,No,No,Working fulltime,20
NA,0,4,12,Conservative,Agree,NA,NA,Retired,240
NA,0,25,12,Slightly liberal,Agree,NA,NA,Working fulltime,1500
No,0,5,16,Moderate,NA,Yes,Yes,Working fulltime,300
NA,0,1,13,Moderate,Strongly agree,No,No,Working fulltime,60
No,0,40,11,Moderate,NA,Yes,Yes,Working fulltime,2400
NA,0,40,12,Moderate,Agree,NA,NA,Working fulltime,2400
NA,0,2,14,Conservative,Strongly agree,NA,NA,Working fulltime,120
Yes,0,7,12,NA,NA,No,No,Working fulltime,420
NA,0,14,16,Extremely liberal,Agree,NA,NA,Working fulltime,840
NA,0,5,12,Extrmly conservative,Agree,No,No,Keeping house,300
NA,0,10,20,Extremely liberal,Strongly agree,NA,NA,Working fulltime,600
No,0,1,15,Moderate,NA,Yes,Yes,Working fulltime,60
NA,0,2,16,Slghtly conservative,Disagree,No,Yes,Temp not working,120
NA,0,15,16,Slghtly conservative,Agree,NA,NA,Working fulltime,900
NA,0,1,11,Moderate,Agree,NA,NA,Retired,60
NA,5,0,13,Liberal,Strongly agree,NA,NA,Working fulltime,5
NA,0,0,16,Extrmly conservative,Agree,NA,NA,Retired,0
NA,0,12,17,Extremely liberal,Agree,NA,NA,"Unempl, laid off",720
NA,0,6,11,Slightly liberal,Strongly agree,NA,NA,Working fulltime,360
NA,0,1,12,Conservative,Agree,NA,NA,Retired,60
No,0,15,13,Slightly liberal,NA,No,No,Retired,900
NA,0,0,15,Liberal,Agree,No,No,Retired,0
NA,10,0,15,Slghtly conservative,Strongly agree,NA,NA,Working fulltime,10
No,0,1,12,Conservative,NA,No,No,Working fulltime,60
No,0,8,15,Liberal,NA,No,No,Working fulltime,480
NA,0,14,12,Slghtly conservative,Agree,NA,NA,Working fulltime,840
NA,0,10,16,Moderate,Agree,NA,NA,Working fulltime,600
NA,30,1,11,Slightly liberal,Agree,NA,NA,"Unempl, laid off",90
Yes,15,0,14,Moderate,NA,No,No,Working fulltime,15
No,0,2,16,Slghtly conservative,NA,No,No,Working fulltime,120
NA,1,0,7,NA,Strongly agree,NA,NA,Retired,1
No,5,0,12,Slghtly conservative,NA,No,No,Retired,5
NA,30,0,12,Moderate,Agree,NA,NA,Working fulltime,30
NA,0,0,16,Slghtly conservative,Disagree,NA,NA,Retired,0
NA,0,20,14,Moderate,Agree,No,No,Working fulltime,1200
No,0,0,12,Slightly liberal,NA,NA,NA,Working fulltime,0
NA,0,10,13,Liberal,Strongly agree,NA,NA,Retired,600
No,10,0,11,Moderate,NA,No,No,Working fulltime,10
No,0,0,14,Liberal,NA,No,No,"Unempl, laid off",0
NA,0,25,19,Slghtly conservative,Agree,NA,NA,Working fulltime,1500
NA,0,6,12,Slightly liberal,Strongly agree,NA,NA,Working fulltime,360
NA,0,2,16,Slghtly conservative,Agree,NA,NA,Working fulltime,120
No,0,0,16,Conservative,NA,NA,NA,Retired,0
NA,0,20,14,Moderate,Agree,NA,NA,Working fulltime,1200
NA,0,2,20,Slghtly conservative,Agree,No,Yes,Working fulltime,120
Yes,1,0,18,Liberal,NA,No,No,Working fulltime,1
NA,0,1,12,NA,Agree,Yes,No,"Unempl, laid off",60
No,0,1,14,Moderate,NA,Yes,Yes,Working parttime,60
No,0,0,12,Slghtly conservative,NA,No,No,Retired,0
NA,30,1,12,Slghtly conservative,Strongly agree,NA,NA,Working fulltime,90
No,0,1,16,Slghtly conservative,NA,No,No,Working fulltime,60
NA,0,1,13,Conservative,Disagree,NA,NA,Working parttime,60
NA,0,35,16,Conservative,Agree,NA,NA,Working fulltime,2100
No,0,2,12,Moderate,NA,No,No,Working fulltime,120
NA,0,20,16,Liberal,Strongly agree,NA,NA,Working fulltime,1200
No,30,1,13,Moderate,NA,Yes,Yes,Working parttime,90
NA,0,10,16,Extremely liberal,Agree,No,Yes,Working fulltime,600
No,0,20,17,Slightly liberal,NA,Yes,Yes,Working fulltime,1200
NA,0,1,19,Slghtly conservative,Agree,NA,NA,Keeping house,60
No,0,4,18,Extrmly conservative,NA,Yes,No,Working parttime,240
NA,45,0,11,Slghtly conservative,Disagree,NA,NA,Working fulltime,45
NA,0,25,14,Conservative,Strongly agree,No,No,Working fulltime,1500
NA,0,3,16,Slghtly conservative,Agree,NA,NA,"Unempl, laid off",180
No,0,35,12,Moderate,NA,No,No,Working fulltime,2100
NA,0,0,12,Conservative,Disagree,NA,NA,Working fulltime,0
NA,0,0,12,Moderate,Strongly agree,NA,NA,Keeping house,0
NA,0,70,14,Moderate,Agree,NA,NA,Working fulltime,4200
NA,0,1,16,Moderate,Disagree,Yes,Yes,School,60
Yes,0,1,12,Moderate,NA,No,No,Working fulltime,60
No,0,5,20,Liberal,NA,Yes,Yes,Temp not working,300
NA,0,48,8,Moderate,Strongly agree,Yes,No,Retired,2880
NA,0,0,8,Conservative,Agree,NA,NA,Keeping house,0
No,0,1,12,Slghtly conservative,NA,NA,NA,Working parttime,60
NA,0,28,12,Moderate,Agree,NA,NA,Other,1680
NA,0,6,14,Moderate,Strongly agree,No,No,Working fulltime,360
NA,0,20,20,Slightly liberal,Strongly agree,No,No,Working fulltime,1200
No,0,1,12,Extrmly conservative,NA,No,No,Retired,60
No,0,0,6,Moderate,NA,NA,NA,Working fulltime,0
NA,0,0,13,Slightly liberal,Agree,NA,NA,Retired,0
NA,30,0,16,Conservative,Agree,NA,NA,Working fulltime,30
NA,0,20,13,Moderate,Agree,NA,NA,Working fulltime,1200
NA,0,1,11,Moderate,Agree,NA,NA,Working parttime,60
NA,0,25,13,Liberal,Agree,No,No,Working parttime,1500
NA,0,7,13,Moderate,Agree,NA,NA,Working fulltime,420
No,0,40,16,Slghtly conservative,NA,NA,NA,Working fulltime,2400
Yes,0,1,16,Conservative,NA,No,Yes,Working fulltime,60
NA,0,1,16,Conservative,Agree,NA,NA,Keeping house,60
NA,0,2,19,Slghtly conservative,Agree,No,Yes,Working parttime,120
NA,0,7,14,Liberal,Strongly agree,NA,NA,Working parttime,420
NA,0,1,9,Slghtly conservative,Agree,NA,NA,Working parttime,60
NA,0,3,12,Moderate,Strongly agree,NA,NA,Working fulltime,180
NA,0,1,12,Conservative,Agree,NA,NA,Retired,60
NA,0,3,12,Conservative,Strongly agree,NA,NA,Working fulltime,180
NA,0,30,17,Moderate,Agree,NA,NA,Working fulltime,1800
NA,30,1,16,Moderate,Agree,NA,NA,Retired,90
NA,0,20,16,Conservative,Strongly agree,Yes,Yes,Working fulltime,1200
NA,0,15,16,Slightly liberal,Strongly agree,NA,NA,Working fulltime,900
No,0,3,18,Conservative,NA,No,No,Working fulltime,180
NA,0,20,18,Liberal,Agree,No,Yes,Working fulltime,1200
NA,0,0,19,Moderate,Agree,NA,NA,Retired,0
No,0,20,16,Slightly liberal,NA,No,No,Working fulltime,1200
No,0,10,12,Moderate,NA,Yes,Yes,Working parttime,600
NA,30,0,12,Liberal,Strongly agree,NA,NA,Working fulltime,30
No,30,0,12,Liberal,NA,Yes,Yes,Other,30
NA,0,20,16,Moderate,Agree,NA,NA,Working fulltime,1200
NA,0,1,14,Moderate,Agree,No,No,Working fulltime,60
NA,0,6,16,Slightly liberal,Strongly agree,NA,NA,Working fulltime,360
No,0,4,12,Slghtly conservative,NA,No,No,Retired,240
Yes,15,0,12,Slghtly conservative,NA,NA,NA,Retired,15
NA,0,4,NA,Slghtly conservative,Disagree,No,Yes,NA,240
Yes,0,1,15,Conservative,NA,No,Yes,Working fulltime,60
NA,0,0,12,Conservative,Strongly agree,NA,NA,Working fulltime,0
NA,0,0,15,Moderate,Strongly agree,NA,NA,Retired,0
NA,30,0,12,Moderate,Agree,NA,NA,Other,30
NA,0,10,16,Conservative,Strongly agree,NA,NA,Working fulltime,600
No,0,2,9,Liberal,NA,No,No,Working fulltime,120
NA,0,2,13,Moderate,Strongly agree,NA,NA,Working fulltime,120
NA,30,0,12,Moderate,Agree,NA,NA,Retired,30
No,0,1,17,Extremely liberal,NA,No,No,Retired,60
NA,20,0,15,Liberal,Agree,NA,NA,"Unempl, laid off",20
NA,0,1,12,Moderate,Agree,NA,NA,Working fulltime,60
Yes,15,0,12,Moderate,NA,Yes,Yes,Working fulltime,15
NA,0,1,17,Extremely liberal,Agree,NA,NA,Working fulltime,60
NA,0,12,13,Conservative,Agree,Yes,Yes,School,720
NA,0,2,16,Moderate,Agree,NA,NA,"Unempl, laid off",120
No,0,2,13,Slightly liberal,NA,Yes,No,Working parttime,120
NA,0,7,16,Extremely liberal,Strongly agree,No,No,Working fulltime,420
NA,10,0,13,Extremely liberal,Disagree,NA,NA,Working parttime,10
Yes,0,5,17,Moderate,NA,Yes,Yes,School,300
NA,0,1,14,Moderate,Agree,NA,NA,Working parttime,60
NA,20,0,13,Liberal,Strongly agree,No,Yes,Working parttime,20
No,15,0,16,Slightly liberal,NA,No,No,Working fulltime,15
NA,0,0,7,Liberal,Strongly agree,NA,NA,Working fulltime,0
NA,0,4,14,Moderate,Agree,NA,NA,Keeping house,240
NA,0,20,20,Conservative,Disagree,NA,NA,Temp not working,1200
NA,0,30,15,Moderate,Agree,No,No,Retired,1800
NA,0,2,13,Slightly liberal,Agree,NA,NA,Working parttime,120
NA,30,0,12,Slghtly conservative,Agree,No,No,Working parttime,30
NA,0,0,11,Liberal,Agree,NA,NA,Keeping house,0
NA,0,1,16,Slghtly conservative,Strongly agree,NA,NA,Working fulltime,60
NA,0,40,14,Moderate,Disagree,NA,NA,Working fulltime,2400
NA,0,16,14,Liberal,Disagree,NA,NA,Working fulltime,960
NA,0,3,12,Liberal,Agree,Yes,Yes,Working fulltime,180
NA,0,0,8,Slghtly conservative,Agree,NA,NA,Working fulltime,0
No,0,10,12,Liberal,NA,No,No,Retired,600
NA,0,15,13,Slightly liberal,Strongly agree,NA,NA,Working fulltime,900
NA,0,1,14,Slghtly conservative,Agree,NA,NA,Retired,60
NA,0,1,11,Moderate,Agree,NA,NA,Retired,60
NA,0,2,16,Slghtly conservative,Agree,NA,NA,Working fulltime,120
Does not apply (i do not have a job/superior/co-worker),50,0,12,Slghtly conservative,NA,NA,NA,Retired,50
No,0,40,19,Slightly liberal,NA,No,Yes,Working fulltime,2400
NA,0,0,8,Moderate,Agree,No,No,Retired,0
No,0,20,15,Moderate,NA,Yes,Yes,Working fulltime,1200
NA,0,5,12,Moderate,Strongly agree,NA,NA,Working fulltime,300
NA,0,4,16,Conservative,Agree,NA,NA,Retired,240
NA,0,15,15,Liberal,Agree,NA,NA,Working parttime,900
No,0,10,20,Conservative,NA,NA,NA,Working fulltime,600
NA,0,3,13,Slghtly conservative,Disagree,No,No,Working fulltime,180
NA,0,2,14,Slightly liberal,Strongly agree,NA,NA,Working fulltime,120
NA,25,0,13,Slightly liberal,Agree,NA,NA,Working fulltime,25
Yes,0,3,16,Conservative,NA,No,No,Working fulltime,180
NA,0,5,18,Slghtly conservative,Agree,No,No,Working fulltime,300
NA,0,5,16,Slghtly conservative,Agree,NA,NA,Working fulltime,300
NA,0,2,13,Extrmly conservative,Agree,NA,NA,Retired,120
NA,0,10,12,Conservative,Agree,NA,NA,Working fulltime,600
NA,0,0,16,Liberal,Strongly agree,NA,NA,Keeping house,0
NA,0,8,16,Liberal,Strongly agree,No,No,Keeping house,480
NA,0,20,12,Moderate,Agree,NA,NA,Working fulltime,1200
NA,0,2,17,Liberal,Strongly agree,No,No,Keeping house,120
NA,0,15,12,Moderate,Strongly agree,NA,NA,Working fulltime,900
No,0,2,12,Moderate,NA,No,No,Working fulltime,120
NA,0,5,16,Slightly liberal,Strongly agree,Yes,Yes,Working fulltime,300
NA,20,0,13,Moderate,Agree,NA,NA,Working fulltime,20
No,2,0,15,Liberal,NA,Yes,No,Working fulltime,2
NA,0,0,11,Moderate,Agree,No,No,Working fulltime,0
NA,0,1,14,Liberal,Strongly agree,Yes,Yes,Working fulltime,60
NA,0,1,14,Slghtly conservative,Agree,NA,NA,Working parttime,60
NA,0,1,12,Moderate,Agree,NA,NA,Working fulltime,60
NA,0,2,20,Conservative,Agree,NA,NA,Retired,120
NA,0,3,16,Slghtly conservative,Strongly agree,No,Yes,Keeping house,180
NA,0,3,14,Conservative,Disagree,NA,NA,Retired,180
NA,0,10,12,Extrmly conservative,Disagree,NA,NA,Keeping house,600
NA,0,2,12,Moderate,Agree,Yes,Yes,Keeping house,120
No,0,8,13,Conservative,NA,No,No,Working fulltime,480
NA,0,6,16,Conservative,Strongly agree,NA,NA,Working fulltime,360
NA,0,5,14,Conservative,Agree,No,No,Working fulltime,300
NA,0,0,9,Moderate,Strongly agree,NA,NA,Working fulltime,0
NA,48,0,12,Slightly liberal,Agree,No,No,Working parttime,48
No,0,7,11,Slghtly conservative,NA,No,Yes,Working fulltime,420
No,0,50,16,Slightly liberal,NA,Yes,Yes,Working fulltime,3000
NA,0,50,14,Conservative,Agree,NA,NA,Other,3000
NA,0,25,14,Moderate,Strongly agree,NA,NA,Working fulltime,1500
No,0,30,16,Slightly liberal,NA,No,No,Working fulltime,1800
NA,0,3,15,Moderate,Agree,NA,NA,Working fulltime,180
NA,0,0,6,Slghtly conservative,Strongly agree,NA,NA,Keeping house,0
NA,0,2,17,Slghtly conservative,Strongly agree,NA,NA,Working fulltime,120
NA,0,30,18,Moderate,Strongly agree,Yes,Yes,Working fulltime,1800
NA,0,25,17,Conservative,Strongly agree,NA,NA,Working fulltime,1500
No,0,8,17,Conservative,NA,Yes,No,Working fulltime,480
NA,0,1,17,Extremely liberal,Strongly agree,NA,NA,Working parttime,60
NA,15,0,12,NA,Agree,No,No,Retired,15
No,10,0,16,Slghtly conservative,NA,No,No,Working fulltime,10
No,0,3,12,NA,NA,Yes,Yes,School,180
NA,0,0,14,Conservative,Agree,NA,NA,Working parttime,0
NA,10,0,15,Slghtly conservative,Strongly agree,NA,NA,Working fulltime,10
NA,0,1,13,Moderate,Disagree,No,No,Retired,60
NA,0,6,16,Conservative,Strongly agree,NA,NA,Working fulltime,360
NA,0,2,14,Moderate,Agree,No,No,Retired,120
No,0,6,16,Moderate,NA,No,No,"Unempl, laid off",360
NA,0,0,16,Liberal,Strongly agree,No,No,Other,0
NA,0,20,18,Liberal,Strongly agree,NA,NA,Working fulltime,1200
NA,0,2,20,Liberal,Strongly agree,Yes,Yes,Working fulltime,120
Yes,0,0,18,Conservative,NA,NA,NA,Retired,0
NA,0,1,12,Liberal,Agree,No,No,Temp not working,60
NA,0,5,18,Liberal,Agree,NA,NA,Working fulltime,300
NA,0,2,16,Slghtly conservative,Agree,No,No,Working fulltime,120
NA,0,3,14,Conservative,Disagree,NA,NA,Retired,180
No,0,5,11,Moderate,NA,No,Yes,Working fulltime,300
No,0,4,12,Moderate,NA,No,Yes,Keeping house,240
NA,0,1,15,Conservative,Agree,NA,NA,School,60
NA,0,1,8,Conservative,Agree,No,No,Working parttime,60
NA,0,2,18,Extremely liberal,Agree,NA,NA,Retired,120
NA,0,2,12,Moderate,Strongly agree,No,Yes,Working parttime,120
No,0,0,12,Liberal,NA,NA,NA,Retired,0
NA,0,7,17,NA,Agree,No,Yes,Keeping house,420
No,0,40,16,Extremely liberal,NA,No,No,Working fulltime,2400
NA,30,0,14,Liberal,Strongly agree,NA,NA,Working fulltime,30
NA,10,0,12,Slghtly conservative,Agree,NA,NA,Working fulltime,10
NA,0,2,12,Moderate,Agree,NA,NA,Working fulltime,120
NA,0,15,16,Slghtly conservative,Strongly agree,NA,NA,Working fulltime,900
NA,0,1,16,Moderate,Agree,NA,NA,Working parttime,60
NA,0,12,13,Moderate,Strongly agree,Yes,Yes,Temp not working,720
NA,0,30,12,Conservative,Agree,NA,NA,Working fulltime,1800
NA,0,7,11,Moderate,Strongly agree,NA,NA,Other,420
NA,0,5,20,Liberal,Strongly disagree,NA,NA,Retired,300
No,0,10,16,Liberal,NA,No,No,Working fulltime,600
NA,0,20,16,Liberal,Agree,NA,NA,Working fulltime,1200
NA,0,15,18,Slightly liberal,Strongly agree,NA,NA,Working fulltime,900
NA,0,5,12,Moderate,Disagree,NA,NA,Working fulltime,300
NA,20,0,18,Slightly liberal,Agree,NA,NA,Retired,20
No,0,60,16,NA,NA,No,No,Keeping house,3600
NA,0,2,13,Slghtly conservative,Agree,NA,NA,Working fulltime,120
NA,0,0,9,NA,Agree,NA,NA,Other,0
NA,0,1,14,Liberal,Strongly agree,Yes,Yes,Working fulltime,60
NA,10,0,14,Conservative,Disagree,NA,NA,Working fulltime,10
NA,0,7,13,Moderate,Agree,No,No,Retired,420
NA,30,0,16,Moderate,Strongly agree,NA,NA,Retired,30
NA,0,2,12,Slghtly conservative,Disagree,NA,NA,Retired,120
NA,0,1,13,Extrmly conservative,Agree,NA,NA,Working fulltime,60
No,0,3,13,Moderate,NA,No,No,Working fulltime,180
NA,0,2,14,Moderate,Strongly agree,NA,NA,Keeping house,120
No,0,8,13,Slghtly conservative,NA,Yes,Yes,Working fulltime,480
No,0,4,12,NA,NA,Yes,No,Keeping house,240
Yes,0,50,12,Moderate,NA,Yes,Yes,Working fulltime,3000
NA,40,0,12,Slghtly conservative,Agree,NA,NA,Working fulltime,40
No,0,25,14,Conservative,NA,No,No,Working fulltime,1500
NA,0,0,12,Slghtly conservative,Agree,NA,NA,Retired,0
Yes,0,35,17,Slghtly conservative,NA,No,No,Working fulltime,2100
NA,10,0,14,Liberal,Disagree,NA,NA,Temp not working,10
No,0,45,16,Slightly liberal,NA,No,No,Working fulltime,2700
NA,30,0,10,Moderate,Agree,No,No,Keeping house,30
NA,0,1,12,Moderate,Agree,NA,NA,Retired,60
NA,0,2,13,Extremely liberal,Strongly agree,No,Yes,Working parttime,120
No,0,1,11,Slghtly conservative,NA,NA,NA,School,60
NA,0,1,12,Moderate,Agree,NA,NA,Working fulltime,60
NA,0,0,12,Moderate,Agree,NA,NA,Keeping house,0
No,0,0,12,Moderate,NA,NA,NA,Retired,0
NA,0,7,14,Slghtly conservative,Agree,Yes,Yes,Working fulltime,420
No,0,5,18,Slightly liberal,NA,No,No,Working fulltime,300
NA,2,0,12,Moderate,Disagree,NA,NA,Retired,2
Yes,0,0,12,Moderate,NA,NA,NA,Working fulltime,0
NA,0,1,11,Moderate,Agree,NA,NA,Working fulltime,60
NA,0,0,16,Extrmly conservative,Agree,NA,NA,Retired,0
NA,0,1,15,Moderate,Agree,NA,NA,Working fulltime,60
NA,0,6,14,Conservative,Strongly agree,No,No,Working parttime,360
NA,0,15,19,Conservative,Disagree,No,No,Retired,900
NA,0,1,12,Slghtly conservative,Disagree,NA,NA,Retired,60
NA,30,0,12,Liberal,Agree,NA,NA,Retired,30
NA,0,1,12,Conservative,Agree,NA,NA,Working parttime,60
NA,0,0,12,Moderate,Agree,NA,NA,Working fulltime,0
No,0,7,15,Liberal,NA,No,No,Other,420
NA,0,0,18,Slightly liberal,Strongly agree,NA,NA,Keeping house,0
NA,0,0,12,Moderate,Agree,No,No,Other,0
NA,0,2,16,Conservative,Disagree,NA,NA,Working parttime,120
NA,0,10,13,Liberal,Strongly agree,NA,NA,Working fulltime,600
NA,0,2,16,Moderate,Agree,No,No,Working fulltime,120
NA,30,3,20,Liberal,Agree,NA,NA,Keeping house,210
NA,0,5,15,Slightly liberal,Agree,Yes,Yes,Working parttime,300
No,0,3,16,Liberal,NA,No,No,Working parttime,180
NA,0,14,16,Extremely liberal,Strongly agree,NA,NA,Keeping house,840
NA,0,0,12,NA,Agree,NA,NA,Working fulltime,0
NA,30,0,13,Conservative,Agree,No,Yes,Working fulltime,30
NA,0,0,8,NA,Disagree,NA,NA,Working fulltime,0
NA,0,0,10,Extremely liberal,Disagree,NA,NA,Working parttime,0
NA,0,1,15,Extremely liberal,Agree,NA,NA,Working parttime,60
NA,0,2,16,Conservative,Agree,NA,NA,Retired,120
NA,0,2,17,Slghtly conservative,Agree,No,No,Working fulltime,120
NA,30,1,12,Moderate,Disagree,No,No,Working fulltime,90
NA,0,2,13,Conservative,Agree,NA,NA,Retired,120
NA,0,35,16,Conservative,Strongly agree,NA,NA,Working fulltime,2100
NA,0,8,16,Moderate,Agree,NA,NA,Working fulltime,480
NA,0,0,11,Slightly liberal,Agree,NA,NA,Retired,0
No,30,0,12,Moderate,NA,No,No,Working fulltime,30
No,0,1,14,Moderate,NA,No,Yes,Keeping house,60
Does not apply (i do not have a job/superior/co-worker),0,0,11,Conservative,NA,No,No,School,0
NA,0,1,14,Liberal,Agree,NA,NA,Retired,60
NA,0,1,15,Slightly liberal,Agree,NA,NA,"Unempl, laid off",60
NA,0,40,16,Conservative,Agree,NA,NA,Working fulltime,2400
NA,0,1,13,Slightly liberal,Strongly agree,Yes,Yes,School,60
NA,0,0,9,Moderate,Agree,NA,NA,Other,0
NA,0,1,14,Extremely liberal,Agree,No,No,"Unempl, laid off",60
NA,0,1,14,Conservative,Disagree,NA,NA,Working fulltime,60
No,0,10,12,Moderate,NA,No,No,Temp not working,600
NA,0,4,12,Moderate,Agree,NA,NA,"Unempl, laid off",240
No,0,0,12,Moderate,NA,Yes,No,Working fulltime,0
NA,0,2,14,NA,Strongly agree,No,No,Working fulltime,120
NA,0,2,16,Slghtly conservative,Agree,NA,NA,Temp not working,120
NA,0,1,12,Conservative,Agree,NA,NA,Keeping house,60
NA,0,0,12,Extrmly conservative,Disagree,NA,NA,Working fulltime,0
No,0,15,12,Moderate,NA,Yes,Yes,Working parttime,900
NA,0,2,12,Moderate,Agree,NA,NA,Retired,120
NA,0,1,12,Slghtly conservative,Agree,NA,NA,Retired,60
NA,0,2,16,Slightly liberal,Strongly disagree,NA,NA,Retired,120
No,0,0,14,Slghtly conservative,NA,NA,NA,Retired,0
NA,0,5,14,Slightly liberal,Agree,NA,NA,Working fulltime,300
No,0,2,8,Moderate,NA,NA,NA,Retired,120
NA,0,9,12,Conservative,Agree,NA,NA,Working fulltime,540
NA,0,25,13,Moderate,Agree,Yes,Yes,Working fulltime,1500
No,0,2,16,Moderate,NA,No,No,Working fulltime,120
NA,30,1,13,Conservative,Disagree,No,No,Retired,90
NA,0,2,12,Liberal,Strongly agree,NA,NA,Temp not working,120
NA,0,30,6,Moderate,Agree,No,No,Working fulltime,1800
NA,0,30,16,Conservative,Strongly agree,NA,NA,Working fulltime,1800
NA,0,2,13,Slightly liberal,Disagree,No,No,Retired,120
No,0,1,12,Moderate,NA,No,No,Working fulltime,60
NA,0,20,14,Conservative,Agree,No,Yes,"Unempl, laid off",1200
NA,0,2,14,Conservative,Agree,NA,NA,Keeping house,120
NA,0,40,16,Slghtly conservative,Agree,NA,NA,Working fulltime,2400
NA,0,0,12,Slghtly conservative,Strongly agree,NA,NA,Working fulltime,0
NA,0,6,20,Moderate,Strongly agree,NA,NA,Working fulltime,360
NA,0,4,8,Conservative,Agree,No,No,School,240
NA,0,5,15,Moderate,Agree,NA,NA,Keeping house,300
NA,0,1,14,Slightly liberal,Agree,No,Yes,Working fulltime,60
NA,0,2,16,Moderate,Strongly agree,NA,NA,Working fulltime,120
No,0,6,14,Conservative,NA,No,No,Working fulltime,360
NA,0,1,14,Moderate,Agree,NA,NA,Working fulltime,60
NA,0,0,12,Liberal,Disagree,No,No,Keeping house,0
NA,0,20,16,Moderate,Agree,NA,NA,Working parttime,1200
NA,0,2,18,Conservative,Strongly agree,NA,NA,Working parttime,120
No,0,1,17,Liberal,NA,NA,NA,Retired,60
NA,0,0,14,Slightly liberal,Agree,NA,NA,Keeping house,0
NA,0,3,12,Moderate,Strongly agree,No,No,Working fulltime,180
NA,30,0,12,Slghtly conservative,Strongly agree,NA,NA,Working fulltime,30
NA,0,0,12,Moderate,Strongly agree,No,No,Keeping house,0
No,0,1,13,Moderate,NA,No,Yes,Keeping house,60
NA,0,15,15,Moderate,Agree,No,No,Working fulltime,900
NA,0,10,12,Slightly liberal,Disagree,Yes,Yes,"Unempl, laid off",600
NA,0,2,18,Conservative,Agree,NA,NA,Retired,120
NA,0,3,16,Moderate,Strongly agree,NA,NA,Retired,180
No,0,4,12,Extrmly conservative,NA,No,Yes,Temp not working,240
NA,0,6,14,Conservative,Agree,NA,NA,Working fulltime,360
NA,0,0,16,Extremely liberal,Strongly agree,NA,NA,Retired,0
NA,0,2,12,Slghtly conservative,Disagree,NA,NA,Working fulltime,120
No,0,10,16,Liberal,NA,No,No,Working fulltime,600
No,0,5,12,Conservative,NA,No,No,Retired,300
NA,20,0,12,Slghtly conservative,Agree,No,No,Retired,20
NA,0,20,18,Moderate,Agree,Yes,Yes,Working fulltime,1200
NA,0,3,16,Liberal,Agree,NA,NA,Working fulltime,180
NA,0,25,13,Conservative,Strongly agree,Yes,No,Working fulltime,1500
No,0,2,12,Slightly liberal,NA,No,Yes,Working fulltime,120
NA,0,1,12,Conservative,Agree,NA,NA,Keeping house,60
NA,0,4,12,Slghtly conservative,Disagree,NA,NA,Other,240
NA,30,3,20,Conservative,Agree,NA,NA,Retired,210
Yes,30,1,12,Slghtly conservative,NA,No,No,Working fulltime,90
NA,0,1,14,Conservative,Agree,NA,NA,"Unempl, laid off",60
No,0,1,16,NA,NA,Yes,Yes,Working fulltime,60
NA,0,30,16,Slightly liberal,Strongly agree,NA,NA,Working fulltime,1800
NA,0,10,14,Moderate,Strongly agree,NA,NA,Working fulltime,600
No,0,4,13,Slightly liberal,NA,No,No,Retired,240
NA,30,0,11,Moderate,Strongly agree,NA,NA,Keeping house,30
NA,0,10,9,Slghtly conservative,Agree,NA,NA,Working fulltime,600
NA,0,1,16,Moderate,Strongly agree,NA,NA,Retired,60
No,0,1,14,NA,NA,No,No,Working fulltime,60
NA,0,4,12,NA,Disagree,NA,NA,Working parttime,240
NA,0,0,12,Slightly liberal,Agree,NA,NA,Retired,0
NA,0,10,14,Moderate,Agree,NA,NA,Working fulltime,600
NA,0,0,12,Moderate,Agree,NA,NA,Retired,0
NA,0,2,12,Extrmly conservative,Agree,NA,NA,Working fulltime,120
No,0,40,16,Slightly liberal,NA,No,No,Working fulltime,2400
NA,0,1,12,Moderate,Agree,NA,NA,Keeping house,60
No,0,5,14,Conservative,NA,No,No,Working fulltime,300
NA,0,10,16,Moderate,Agree,Yes,Yes,Temp not working,600
NA,0,1,14,Conservative,Agree,NA,NA,Working fulltime,60
No,0,7,16,Liberal,NA,Yes,Yes,Working fulltime,420
NA,0,1,16,Conservative,Agree,NA,NA,Working fulltime,60
NA,0,2,16,Conservative,Agree,No,No,Working parttime,120
Does not apply (i do not have a job/superior/co-worker),0,1,14,Liberal,NA,NA,NA,Retired,60
NA,30,0,18,Moderate,Agree,NA,NA,Retired,30
NA,0,0,8,Moderate,Dont know,NA,NA,Keeping house,0
NA,40,0,13,Slghtly conservative,Dont know,No,Yes,Temp not working,40
NA,0,0,12,Conservative,Agree,NA,NA,Working fulltime,0
NA,45,0,16,Moderate,Agree,No,No,Retired,45
No,0,8,15,Slightly liberal,NA,No,No,Retired,480
NA,0,0,12,Conservative,Strongly agree,NA,NA,Retired,0
NA,0,20,18,Slightly liberal,Agree,NA,NA,Working fulltime,1200
NA,30,2,16,Slightly liberal,Disagree,NA,NA,Retired,150
NA,0,14,17,Moderate,Strongly agree,NA,NA,Working fulltime,840
NA,0,0,20,Slightly liberal,Agree,NA,NA,Retired,0
NA,0,8,20,Slghtly conservative,Agree,No,No,Working fulltime,480
NA,0,2,18,Moderate,Strongly agree,NA,NA,Temp not working,120
No,15,0,16,Moderate,NA,Yes,Yes,School,15
NA,30,0,14,Conservative,Agree,NA,NA,Working fulltime,30
NA,0,1,13,Extrmly conservative,Strongly agree,Yes,Yes,Working fulltime,60
NA,30,0,20,Conservative,Agree,NA,NA,Retired,30
No,0,3,17,Conservative,NA,No,No,Retired,180
NA,0,5,13,Moderate,Strongly agree,NA,NA,Working parttime,300
NA,0,22,12,Moderate,Strongly agree,No,No,Working fulltime,1320
NA,0,3,14,Conservative,Agree,NA,NA,Working fulltime,180
NA,0,20,13,Moderate,Agree,NA,NA,Working fulltime,1200
NA,0,0,16,Extrmly conservative,Agree,No,No,Keeping house,0
NA,0,5,14,Moderate,Strongly agree,NA,NA,Working fulltime,300
No,0,2,12,Liberal,NA,Yes,Yes,Working fulltime,120
NA,30,0,16,Conservative,Disagree,NA,NA,Retired,30
NA,0,7,12,Extremely liberal,Agree,Yes,Yes,Working fulltime,420
NA,0,1,12,Slghtly conservative,Agree,NA,NA,Working fulltime,60
NA,0,2,17,Conservative,Strongly agree,No,No,Retired,120
NA,0,3,20,Liberal,Agree,NA,NA,Working fulltime,180
NA,0,12,17,Extrmly conservative,Strongly agree,No,Yes,Working fulltime,720
Does not apply (i do not have a job/superior/co-worker),0,1,13,Slghtly conservative,NA,NA,NA,Retired,60
NA,0,0,11,Moderate,Agree,NA,NA,Retired,0
NA,0,1,16,Moderate,Strongly agree,NA,NA,Working fulltime,60
No,0,20,16,Slightly liberal,NA,No,Yes,Working fulltime,1200
NA,0,1,10,Moderate,Agree,NA,NA,Retired,60
NA,30,0,10,Moderate,Strongly agree,NA,NA,Working parttime,30
NA,0,6,16,Liberal,Strongly agree,No,No,Working fulltime,360
No,0,1,12,Moderate,NA,Yes,Yes,School,60
No,0,7,16,Conservative,NA,NA,NA,Retired,420
NA,0,12,12,Moderate,Strongly agree,NA,NA,Working fulltime,720
NA,0,1,13,Moderate,Agree,NA,NA,Working fulltime,60
No,0,10,12,Slightly liberal,NA,No,No,Working parttime,600
NA,0,30,14,Slightly liberal,Strongly agree,NA,NA,Working fulltime,1800
NA,0,10,15,Liberal,Agree,NA,NA,School,600
NA,0,8,16,Moderate,Agree,NA,NA,Working fulltime,480
No,0,10,12,Moderate,NA,No,No,Working fulltime,600
NA,0,2,12,Extrmly conservative,Disagree,NA,NA,Keeping house,120
NA,0,2,12,Moderate,Agree,No,No,Working fulltime,120
No,0,3,12,Slghtly conservative,NA,Yes,Yes,Working fulltime,180
NA,0,0,12,Slghtly conservative,Strongly agree,NA,NA,Retired,0
Yes,0,10,16,Liberal,NA,No,No,Working fulltime,600
NA,0,1,12,Extrmly conservative,Dont know,NA,NA,Temp not working,60
NA,0,1,12,Moderate,Strongly agree,No,No,Retired,60
NA,0,1,11,Moderate,Dont know,NA,NA,Working fulltime,60
NA,0,1,11,Conservative,Disagree,NA,NA,Working fulltime,60
No,0,7,16,Liberal,NA,No,No,Working fulltime,420
NA,0,35,16,Moderate,Disagree,No,Yes,Keeping house,2100
No,0,5,18,Slghtly conservative,NA,No,No,Working fulltime,300
NA,0,8,13,Liberal,Dont know,NA,NA,Working parttime,480
No,0,0,11,Moderate,NA,NA,NA,Working fulltime,0
No,0,1,13,Moderate,NA,No,No,Other,60
NA,0,1,17,Moderate,Strongly agree,NA,NA,Working fulltime,60
No,0,1,12,Moderate,NA,No,No,Working fulltime,60
NA,0,5,12,Extrmly conservative,Disagree,NA,NA,Keeping house,300
NA,0,2,16,Conservative,Strongly agree,NA,NA,Working fulltime,120
NA,10,0,16,Slghtly conservative,Agree,NA,NA,Keeping house,10
NA,0,2,12,Conservative,Strongly disagree,No,No,Retired,120
NA,0,5,16,Extrmly conservative,Disagree,NA,NA,Working fulltime,300
No,0,1,15,Slightly liberal,NA,No,No,Working fulltime,60
NA,0,0,11,NA,Agree,NA,NA,"Unempl, laid off",0
NA,0,1,12,Extrmly conservative,Strongly agree,No,No,Keeping house,60
NA,0,2,14,Conservative,Agree,No,No,Retired,120
No,0,0,13,Conservative,NA,NA,NA,Retired,0
NA,0,25,17,Moderate,Strongly agree,No,No,Working fulltime,1500
No,0,1,12,Conservative,NA,No,No,Working fulltime,60
NA,30,0,19,Extrmly conservative,Disagree,NA,NA,School,30
No,30,0,12,Moderate,NA,NA,NA,Retired,30
NA,30,0,13,Slghtly conservative,Agree,NA,NA,Working fulltime,30
NA,0,0,14,Moderate,Strongly agree,NA,NA,Other,0
NA,0,35,16,Conservative,Agree,NA,NA,Working fulltime,2100
Yes,0,10,19,Moderate,NA,No,No,Working fulltime,600
No,0,1,16,Slightly liberal,NA,Yes,Yes,Working fulltime,60
NA,0,2,16,Slightly liberal,Agree,NA,NA,Working parttime,120
NA,0,2,20,Moderate,Strongly agree,No,No,Working fulltime,120
NA,0,1,16,Liberal,Agree,NA,NA,Retired,60
No,0,0,19,Liberal,NA,NA,NA,Retired,0
NA,0,5,18,Moderate,Strongly agree,NA,NA,Working fulltime,300
NA,20,0,15,Liberal,Agree,NA,NA,Working fulltime,20
No,0,1,16,Moderate,NA,Yes,Yes,Temp not working,60
NA,0,0,12,Moderate,Agree,No,No,Working fulltime,0
NA,0,2,14,Moderate,Strongly agree,NA,NA,Retired,120
NA,0,1,13,Slghtly conservative,Agree,NA,NA,Retired,60
NA,0,0,16,Moderate,Strongly agree,NA,NA,Retired,0
No,0,1,12,Conservative,NA,NA,NA,Retired,60
No,5,0,15,Moderate,NA,Yes,Yes,Working fulltime,5
NA,0,1,13,Conservative,Strongly agree,NA,NA,Working fulltime,60
NA,0,2,12,Moderate,Agree,NA,NA,Working parttime,120
NA,0,2,17,Moderate,Strongly agree,No,No,Retired,120
NA,0,0,12,Liberal,Strongly agree,NA,NA,Working fulltime,0
NA,0,4,16,Liberal,Agree,NA,NA,Working fulltime,240
NA,0,14,14,Moderate,Disagree,No,No,Keeping house,840
NA,0,4,12,NA,Agree,NA,NA,Keeping house,240
No,0,3,11,Extremely liberal,NA,Yes,Yes,Working parttime,180
NA,0,8,12,Moderate,Disagree,NA,NA,Working fulltime,480
No,0,16,12,Extrmly conservative,NA,NA,NA,Working fulltime,960
NA,0,1,14,Moderate,Strongly agree,NA,NA,"Unempl, laid off",60
Does not apply (i do not have a job/superior/co-worker),0,0,12,Moderate,NA,NA,NA,Keeping house,0
NA,0,5,12,Moderate,Agree,No,No,Working fulltime,300
NA,0,36,16,Conservative,Agree,NA,NA,Working fulltime,2160
NA,0,4,5,Slghtly conservative,Disagree,No,No,Working parttime,240
NA,0,20,19,Liberal,Strongly agree,NA,NA,Working parttime,1200
NA,30,0,12,Moderate,Strongly agree,No,No,Temp not working,30
NA,0,1,13,Moderate,Agree,NA,NA,Working parttime,60
NA,0,1,13,Slghtly conservative,Agree,NA,NA,Retired,60
NA,0,0,12,Moderate,Strongly agree,No,No,Working fulltime,0
NA,45,0,17,Extremely liberal,Strongly agree,Yes,Yes,School,45
NA,0,3,15,Slightly liberal,Strongly agree,No,Yes,School,180
No,0,4,16,Moderate,NA,Yes,Yes,School,240
NA,0,5,16,Liberal,Strongly agree,NA,NA,Working fulltime,300
NA,0,0,12,Conservative,Agree,NA,NA,Retired,0
NA,0,0,12,NA,Agree,NA,NA,Working fulltime,0
NA,0,20,18,Slightly liberal,Strongly agree,NA,NA,Working parttime,1200
No,0,0,12,Moderate,NA,NA,NA,Other,0
No,0,1,16,Liberal,NA,Yes,Yes,Temp not working,60
NA,0,5,12,Moderate,Agree,NA,NA,Working fulltime,300
No,0,2,14,Moderate,NA,Yes,Yes,Working parttime,120
NA,0,15,13,Moderate,Agree,NA,NA,Working fulltime,900
Does not apply (i do not have a job/superior/co-worker),0,1,10,Moderate,NA,No,No,Keeping house,60
NA,0,10,12,Conservative,Agree,NA,NA,Retired,600
No,30,0,14,Liberal,NA,No,No,Working fulltime,30
NA,0,1,17,Conservative,Agree,No,No,Retired,60
NA,0,4,19,Moderate,Strongly agree,NA,NA,Retired,240
No,0,3,12,Conservative,NA,NA,NA,Retired,180
NA,0,2,16,Liberal,Agree,NA,NA,Working parttime,120
NA,0,2,12,NA,Agree,NA,NA,Retired,120
NA,0,6,17,Liberal,Agree,No,No,Retired,360
NA,0,0,12,Moderate,Agree,NA,NA,Retired,0
NA,0,1,15,Liberal,Agree,NA,NA,Working fulltime,60
NA,0,5,12,Conservative,Strongly agree,NA,NA,Working fulltime,300
NA,30,0,18,Slightly liberal,Agree,NA,NA,Working parttime,30
No,30,0,14,Moderate,NA,No,No,Keeping house,30
NA,0,3,14,Moderate,Disagree,No,No,Working fulltime,180
No,0,4,13,Slightly liberal,NA,Yes,No,Working parttime,240
No,0,25,12,Moderate,NA,No,No,Other,1500
NA,0,5,13,Slghtly conservative,Agree,NA,NA,Working fulltime,300
No,0,2,13,Extrmly conservative,NA,Yes,No,Working parttime,120
NA,0,20,12,Moderate,Agree,No,No,Working fulltime,1200
No,0,50,16,Slghtly conservative,NA,Yes,No,Working fulltime,3000
NA,0,20,12,Moderate,Agree,NA,NA,Working fulltime,1200
No,0,4,16,Extrmly conservative,NA,No,No,Retired,240
NA,0,25,14,Conservative,Agree,NA,NA,Working fulltime,1500
No,0,7,16,Slghtly conservative,NA,NA,NA,Working fulltime,420
NA,0,10,16,Slghtly conservative,Agree,NA,NA,Working fulltime,600
No,0,3,12,Slghtly conservative,NA,Yes,No,Working fulltime,180
NA,0,2,17,Conservative,Strongly agree,NA,NA,Working fulltime,120
NA,0,5,16,Conservative,Agree,No,No,Working parttime,300
NA,0,20,12,NA,Agree,NA,NA,Working fulltime,1200
No,0,1,12,Moderate,NA,No,No,Retired,60
NA,0,8,12,Slghtly conservative,Agree,Yes,No,Working fulltime,480
No,0,2,14,Slghtly conservative,NA,NA,NA,Working fulltime,120
NA,0,5,12,Slghtly conservative,Agree,NA,NA,Working fulltime,300
NA,0,1,12,Conservative,Agree,No,No,Working parttime,60
NA,0,72,14,Slghtly conservative,Disagree,NA,NA,Retired,4320
No,0,0,12,Slghtly conservative,NA,No,No,Working fulltime,0
NA,0,0,12,Liberal,Disagree,NA,NA,Retired,0
NA,0,0,12,Extremely liberal,NA,No,No,Working fulltime,0
NA,0,3,16,Conservative,Strongly agree,No,No,Temp not working,180
NA,0,2,11,Moderate,Agree,NA,NA,Working fulltime,120
No,0,0,12,Conservative,NA,NA,NA,Retired,0
NA,0,0,12,Moderate,Agree,NA,NA,Working fulltime,0
NA,30,0,16,Conservative,Agree,No,No,Working fulltime,30
NA,0,3,14,Moderate,Agree,No,No,Working fulltime,180
Yes,0,0,12,Moderate,NA,Yes,No,Working fulltime,0
NA,0,1,14,Moderate,Agree,NA,NA,Working fulltime,60
NA,0,1,14,Moderate,Agree,NA,NA,Retired,60
NA,0,0,11,NA,Strongly agree,No,No,Working fulltime,0
NA,0,20,15,Moderate,Agree,Yes,No,Working fulltime,1200
No,0,0,12,Slightly liberal,NA,NA,NA,Working parttime,0
NA,0,30,14,Slghtly conservative,Agree,NA,NA,Working fulltime,1800
No,0,8,12,Moderate,NA,No,No,Working fulltime,480
NA,30,0,12,Moderate,Agree,NA,NA,Retired,30
NA,0,9,14,Moderate,Disagree,NA,NA,Working fulltime,540
NA,0,1,16,Liberal,Strongly agree,Yes,No,"Unempl, laid off",60
NA,0,6,12,Slghtly conservative,Agree,NA,NA,Working fulltime,360
No,0,2,13,Slghtly conservative,NA,Yes,No,Working fulltime,120
NA,0,20,13,Slightly liberal,Agree,NA,NA,Working fulltime,1200
NA,0,10,19,Moderate,Strongly agree,No,No,Working parttime,600
No,0,5,18,Slghtly conservative,NA,No,No,Working fulltime,300
NA,0,10,16,Liberal,Agree,NA,NA,Working fulltime,600
No,20,0,12,Extremely liberal,NA,No,Yes,Working fulltime,20
NA,0,7,12,Liberal,Strongly agree,NA,NA,Retired,420
NA,0,1,20,Extremely liberal,Disagree,NA,NA,Working fulltime,60
NA,0,15,12,Liberal,Strongly agree,No,Yes,Working fulltime,900
NA,10,0,14,Slightly liberal,Agree,NA,NA,Working fulltime,10
NA,0,21,13,Moderate,Agree,No,No,Retired,1260
No,0,10,16,Extrmly conservative,NA,Yes,Yes,Working parttime,600
NA,0,14,12,Slightly liberal,Agree,NA,NA,Retired,840
NA,0,3,19,Conservative,Disagree,No,No,Working fulltime,180
NA,0,4,12,Conservative,Agree,NA,NA,"Unempl, laid off",240
No,0,4,13,Liberal,NA,Yes,No,Working fulltime,240
NA,30,0,12,Moderate,Agree,NA,NA,Retired,30
NA,0,0,15,Extremely liberal,Strongly agree,NA,NA,Retired,0
NA,0,1,14,Moderate,Agree,NA,NA,Keeping house,60
NA,1,0,10,Extremely liberal,Strongly agree,NA,NA,Working fulltime,1
NA,0,8,12,Moderate,Agree,Yes,Yes,Keeping house,480
NA,0,7,12,Slightly liberal,Disagree,NA,NA,Working fulltime,420
NA,30,1,12,Slightly liberal,Strongly agree,No,No,Working parttime,90
NA,0,10,14,Moderate,Agree,NA,NA,School,600
NA,0,8,12,Conservative,Disagree,NA,NA,Retired,480
NA,30,0,13,Slightly liberal,Strongly agree,NA,NA,Working fulltime,30
NA,0,12,15,Moderate,Agree,No,No,Working fulltime,720
Yes,0,2,13,Moderate,NA,Yes,Yes,Working fulltime,120
NA,0,5,16,Moderate,Strongly agree,NA,NA,Working fulltime,300
NA,30,0,14,Moderate,Strongly agree,No,Yes,Working parttime,30
No,0,8,10,Extrmly conservative,NA,No,No,Working fulltime,480
NA,30,0,12,Slightly liberal,Agree,Yes,Yes,Working fulltime,30
NA,0,7,15,Conservative,Agree,No,No,Retired,420
No,0,10,12,Slghtly conservative,NA,Yes,Yes,"Unempl, laid off",600
NA,0,5,12,Extrmly conservative,Strongly agree,NA,NA,Working parttime,300
NA,0,2,14,Slightly liberal,Strongly agree,No,Yes,Working parttime,120
No,0,3,12,Slightly liberal,NA,No,Yes,Working fulltime,180
NA,0,1,12,Moderate,Agree,No,Yes,Keeping house,60
Does not apply (i do not have a job/superior/co-worker),0,0,12,Extremely liberal,NA,NA,NA,Keeping house,0
NA,0,0,10,Extremely liberal,Agree,NA,NA,Working parttime,0
Does not apply (i do not have a job/superior/co-worker),30,0,16,Conservative,NA,NA,NA,Keeping house,30
NA,0,7,14,Slghtly conservative,Agree,No,No,Keeping house,420
NA,0,0,12,Moderate,Disagree,NA,NA,Other,0
No,0,1,16,Conservative,NA,No,No,Working fulltime,60
NA,0,1,11,Moderate,Agree,NA,NA,Working fulltime,60
No,30,0,13,Moderate,NA,Yes,Yes,School,30
NA,0,10,14,Slghtly conservative,Disagree,NA,NA,Working fulltime,600
NA,0,0,12,Slghtly conservative,Strongly agree,NA,NA,Retired,0
NA,0,2,12,Conservative,Strongly agree,NA,NA,Working fulltime,120
NA,0,10,12,Moderate,Agree,NA,NA,Working fulltime,600
NA,0,0,11,Moderate,Agree,No,No,Working fulltime,0
NA,0,20,12,Slghtly conservative,Agree,NA,NA,Working fulltime,1200
No,0,0,11,Conservative,NA,NA,NA,Working fulltime,0
NA,0,5,20,Slghtly conservative,Disagree,NA,NA,Retired,300
NA,0,4,16,Extrmly conservative,Agree,NA,NA,Working fulltime,240
NA,0,1,11,Extrmly conservative,Strongly agree,No,No,Working parttime,60
NA,0,30,12,Conservative,Agree,NA,NA,"Unempl, laid off",1800
NA,0,0,10,Moderate,Agree,NA,NA,Keeping house,0
NA,0,0,10,Slightly liberal,Agree,NA,NA,Working parttime,0
NA,0,21,6,Moderate,Disagree,NA,NA,Retired,1260
NA,0,0,10,NA,Strongly agree,No,No,Keeping house,0
NA,0,3,12,Moderate,Agree,NA,NA,Retired,180
NA,0,4,10,Conservative,Agree,No,Yes,Retired,240
NA,0,4,12,Extrmly conservative,Agree,NA,NA,"Unempl, laid off",240
No,0,2,10,Slightly liberal,NA,No,Yes,Keeping house,120
NA,30,0,17,Liberal,Strongly agree,NA,NA,Retired,30
No,0,1,15,Slightly liberal,NA,No,No,Working fulltime,60
NA,0,40,14,Moderate,Agree,No,Yes,Working fulltime,2400
NA,0,2,14,Liberal,Strongly agree,NA,NA,Working fulltime,120
NA,0,3,11,Moderate,Agree,NA,NA,Working fulltime,180
Yes,0,0,14,Slghtly conservative,NA,No,No,"Unempl, laid off",0
NA,0,20,16,Slightly liberal,Agree,NA,NA,Retired,1200
NA,50,0,16,Conservative,Agree,NA,NA,Retired,50
NA,0,4,11,Moderate,Disagree,NA,NA,"Unempl, laid off",240
NA,10,0,15,Moderate,Disagree,No,No,Keeping house,10
NA,30,0,14,Moderate,Strongly agree,NA,NA,Working fulltime,30
NA,0,7,14,Conservative,Agree,No,No,Working fulltime,420
NA,30,0,12,Slghtly conservative,Agree,NA,NA,Retired,30
No,0,2,14,Liberal,NA,No,No,Working fulltime,120
NA,0,4,12,Slightly liberal,Agree,NA,NA,Working fulltime,240
NA,0,6,16,Slightly liberal,Agree,NA,NA,Working fulltime,360
NA,0,1,14,Conservative,Agree,NA,NA,Working fulltime,60
NA,0,30,19,Slghtly conservative,Agree,NA,NA,Working fulltime,1800
NA,0,1,12,Conservative,Agree,No,No,Keeping house,60
NA,0,3,16,Liberal,Strongly agree,NA,NA,Working fulltime,180
NA,0,1,17,Slightly liberal,Strongly agree,No,No,Working parttime,60
NA,0,10,16,Slghtly conservative,Agree,NA,NA,Working fulltime,600
NA,0,30,10,NA,Strongly disagree,NA,NA,Working parttime,1800
NA,0,1,18,Conservative,Disagree,No,No,Working fulltime,60
NA,0,2,20,Moderate,Strongly agree,NA,NA,Working fulltime,120
NA,0,0,14,Moderate,Disagree,No,No,Retired,0
NA,0,1,12,Moderate,Strongly agree,NA,NA,Working fulltime,60
NA,0,4,11,Moderate,Agree,Yes,Yes,Working fulltime,240
No,0,2,18,Slghtly conservative,NA,No,No,Working fulltime,120
NA,0,5,18,Moderate,Agree,NA,NA,Working fulltime,300
NA,0,4,14,Moderate,Agree,No,Yes,Working parttime,240
No,0,50,16,Liberal,NA,No,No,Working fulltime,3000
NA,0,25,19,Conservative,Strongly agree,No,Yes,Working fulltime,1500
NA,0,60,16,Conservative,Agree,NA,NA,Temp not working,3600
NA,0,2,16,Moderate,Disagree,No,No,Working fulltime,120
NA,0,1,16,Slghtly conservative,Disagree,NA,NA,Retired,60
No,0,15,16,Conservative,NA,No,No,Working fulltime,900
Yes,0,100,13,Moderate,NA,NA,NA,Working parttime,6000
NA,0,20,9,Conservative,Disagree,NA,NA,Other,1200
No,0,0,6,Slghtly conservative,NA,No,No,Retired,0
NA,0,20,18,Liberal,Agree,NA,NA,Working fulltime,1200
NA,30,0,12,Extrmly conservative,Agree,No,No,Retired,30
No,0,0,12,Moderate,NA,NA,NA,Keeping house,0
NA,0,10,13,Conservative,Disagree,NA,NA,Working fulltime,600
NA,0,0,10,Moderate,Agree,No,Yes,Keeping house,0
NA,20,0,12,Slightly liberal,Agree,No,No,Temp not working,20
No,0,1,14,Slightly liberal,NA,No,No,Working parttime,60
NA,0,0,12,NA,Agree,NA,NA,Working fulltime,0
NA,0,20,20,Liberal,Agree,No,No,Working fulltime,1200
NA,0,5,12,Moderate,Agree,No,No,School,300
No,0,1,12,Liberal,NA,No,No,School,60
NA,0,0,12,Moderate,Strongly agree,NA,NA,Working parttime,0
NA,30,0,14,Moderate,Agree,NA,NA,Retired,30
NA,0,10,14,Slightly liberal,Agree,No,Yes,Working fulltime,600
NA,0,0,9,Liberal,Agree,NA,NA,Working fulltime,0
NA,30,0,13,Slghtly conservative,Dont know,No,Yes,Keeping house,30
NA,10,0,12,Moderate,Agree,NA,NA,Working fulltime,10
Yes,0,1,11,Moderate,NA,NA,NA,Working fulltime,60
NA,0,21,16,Slightly liberal,Strongly agree,NA,NA,Working parttime,1260
NA,0,3,12,Slghtly conservative,Agree,Yes,Yes,"Unempl, laid off",180
NA,0,0,15,NA,Agree,NA,NA,Keeping house,0
NA,0,1,6,Moderate,Agree,NA,NA,Working fulltime,60
NA,0,25,13,Moderate,Strongly agree,NA,NA,Working fulltime,1500
NA,0,5,15,Extremely liberal,Strongly agree,NA,NA,Retired,300
No,0,2,14,Moderate,NA,NA,NA,Keeping house,120
NA,0,1,8,Slghtly conservative,Agree,NA,NA,Working parttime,60
NA,0,3,15,Conservative,Agree,NA,NA,Keeping house,180
Yes,0,1,12,Conservative,NA,No,No,Keeping house,60
NA,30,0,16,Extrmly conservative,Agree,No,No,Working fulltime,30
NA,0,5,16,Extremely liberal,Agree,NA,NA,Working fulltime,300
NA,0,1,12,Extrmly conservative,Agree,NA,NA,Working fulltime,60
No,0,1,20,Moderate,NA,No,No,Working fulltime,60
NA,0,0,12,Liberal,Agree,NA,NA,Retired,0
NA,0,1,14,Moderate,Strongly agree,NA,NA,Working fulltime,60
NA,0,48,12,NA,Agree,Yes,Yes,"Unempl, laid off",2880
NA,30,0,17,Liberal,Agree,NA,NA,Working fulltime,30
NA,0,30,13,Liberal,Strongly agree,No,No,"Unempl, laid off",1800
NA,0,5,18,Liberal,Strongly agree,NA,NA,Retired,300
No,0,20,20,Slghtly conservative,NA,Yes,Yes,Working fulltime,1200
NA,0,0,14,Slightly liberal,Agree,No,No,Keeping house,0
NA,0,2,16,Conservative,Strongly agree,NA,NA,Retired,120
No,0,0,10,Conservative,NA,No,No,Retired,0
NA,5,0,14,Slghtly conservative,Agree,NA,NA,School,5
NA,0,5,17,Liberal,Strongly agree,Yes,Yes,Temp not working,300
NA,0,1,16,Slghtly conservative,Agree,NA,NA,Working parttime,60
NA,30,0,15,Slghtly conservative,Agree,NA,NA,Working fulltime,30
NA,0,3,16,Slghtly conservative,Agree,No,No,Working parttime,180
NA,0,1,17,Liberal,Strongly agree,NA,NA,Retired,60
No,0,3,15,Liberal,NA,Yes,No,School,180
NA,0,2,15,Moderate,Strongly agree,NA,NA,Working parttime,120
NA,0,1,17,Extrmly conservative,Agree,No,No,Keeping house,60
NA,30,0,13,Extrmly conservative,Disagree,NA,NA,Retired,30
No,0,0,12,Extremely liberal,NA,NA,NA,Working parttime,0
NA,0,1,15,Slightly liberal,Strongly agree,NA,NA,School,60
No,15,0,13,Slghtly conservative,NA,No,Yes,"Unempl, laid off",15
NA,0,10,13,Moderate,Strongly agree,NA,NA,Retired,600
NA,0,0,14,Slightly liberal,Strongly agree,No,No,Working fulltime,0
No,0,20,14,Slghtly conservative,NA,No,No,Working fulltime,1200
NA,30,0,14,Liberal,Disagree,No,Yes,Retired,30
No,30,0,12,Moderate,NA,No,No,Working parttime,30
NA,0,4,19,Slghtly conservative,Agree,No,No,Working fulltime,240
NA,0,4,11,Slightly liberal,Agree,NA,NA,Working parttime,240
NA,0,6,20,Liberal,Strongly agree,NA,NA,Working fulltime,360
NA,0,1,16,Liberal,Agree,NA,NA,Retired,60
No,0,10,16,Slghtly conservative,NA,Yes,Yes,Working fulltime,600
NA,30,1,14,Slightly liberal,Agree,No,No,Working parttime,90
NA,0,2,14,Moderate,Agree,No,No,Working fulltime,120
NA,0,20,16,Liberal,Strongly agree,NA,NA,Working fulltime,1200
NA,0,25,20,Extremely liberal,Strongly agree,No,No,Working fulltime,1500
NA,0,1,12,Moderate,Strongly agree,NA,NA,Temp not working,60
NA,0,4,15,Conservative,Agree,NA,NA,Retired,240
Does not apply (i do not have a job/superior/co-worker),0,2,12,Slghtly conservative,NA,NA,NA,Retired,120
NA,0,2,12,Moderate,Strongly agree,NA,NA,Working fulltime,120
NA,30,0,14,Slightly liberal,Agree,NA,NA,Working fulltime,30
NA,0,0,10,Slghtly conservative,Strongly agree,NA,NA,Retired,0
NA,0,10,13,Conservative,Agree,NA,NA,Working fulltime,600
No,5,0,13,Conservative,NA,Yes,Yes,Working parttime,5
NA,0,1,12,Extrmly conservative,Disagree,NA,NA,Working fulltime,60
NA,30,0,14,Conservative,Agree,Yes,Yes,Working parttime,30
NA,0,3,15,Moderate,Agree,NA,NA,Keeping house,180
Does not apply (i do not have a job/superior/co-worker),5,0,9,Moderate,NA,NA,NA,Retired,5
NA,0,0,10,Slightly liberal,Strongly agree,NA,NA,Working parttime,0
NA,10,0,12,Moderate,Agree,NA,NA,Working fulltime,10
No,15,0,11,Extremely liberal,NA,No,No,Keeping house,15
NA,0,0,11,Slghtly conservative,Agree,NA,NA,Other,0
No,15,0,13,Liberal,NA,No,Yes,Working parttime,15
NA,0,2,14,Liberal,Strongly agree,NA,NA,Working fulltime,120
NA,5,0,14,Conservative,Agree,No,No,Working fulltime,5
NA,0,0,8,Extrmly conservative,Agree,NA,NA,Keeping house,0
No,20,0,12,Moderate,NA,No,No,Working fulltime,20
NA,0,42,14,Slghtly conservative,Agree,NA,NA,Working fulltime,2520
NA,0,0,12,Moderate,Agree,Yes,Yes,Working fulltime,0
NA,0,10,14,Conservative,Agree,NA,NA,Retired,600
NA,2,0,14,Moderate,Agree,NA,NA,Keeping house,2
NA,0,50,13,Moderate,Agree,Yes,Yes,Working fulltime,3000
NA,0,20,13,Moderate,Agree,NA,NA,Working fulltime,1200
NA,0,5,10,Moderate,Agree,NA,NA,Retired,300
NA,0,1,12,Moderate,Strongly agree,No,Yes,Keeping house,60
NA,0,0,14,NA,Agree,Yes,Yes,Keeping house,0
NA,0,7,17,Moderate,Strongly agree,NA,NA,Working fulltime,420
NA,20,0,2,Extrmly conservative,Strongly disagree,NA,NA,Retired,20
NA,0,30,15,Slghtly conservative,Strongly agree,NA,NA,Working fulltime,1800
NA,0,10,12,Slghtly conservative,Strongly disagree,No,No,Working fulltime,600
No,0,25,13,Slghtly conservative,NA,No,No,Working fulltime,1500
NA,30,0,12,Moderate,Agree,NA,NA,Retired,30
NA,0,1,17,Conservative,Agree,NA,NA,Working fulltime,60
NA,0,0,11,Moderate,Agree,NA,NA,Retired,0
No,15,0,15,Moderate,NA,No,No,Working fulltime,15
NA,0,12,15,Moderate,Agree,NA,NA,Working fulltime,720
No,0,1,10,Moderate,NA,No,No,Working fulltime,60
NA,0,2,14,Conservative,Disagree,NA,NA,Other,120
NA,0,0,11,Slghtly conservative,Disagree,No,No,Working fulltime,0
No,0,6,15,NA,NA,No,No,Retired,360
NA,0,0,12,Moderate,Agree,NA,NA,Working fulltime,0
NA,10,0,16,Slghtly conservative,Agree,NA,NA,Working fulltime,10
NA,0,2,12,Moderate,Agree,Yes,Yes,Working parttime,120
NA,15,0,15,Moderate,Agree,NA,NA,School,15
NA,0,5,14,Moderate,Disagree,NA,NA,Working fulltime,300
No,0,15,16,Slghtly conservative,NA,No,No,Working fulltime,900
NA,0,15,14,Moderate,Agree,NA,NA,Working fulltime,900
NA,0,1,12,Moderate,Disagree,No,No,Working parttime,60
No,0,0,16,Slightly liberal,NA,No,No,Working fulltime,0
NA,50,0,15,NA,Disagree,NA,NA,Working fulltime,50
NA,0,2,18,Slghtly conservative,Strongly agree,No,No,Working fulltime,120
No,0,4,15,Slightly liberal,NA,Yes,Yes,Working fulltime,240
NA,0,0,13,Moderate,Agree,NA,NA,Keeping house,0
Yes,0,1,12,Slightly liberal,NA,Yes,Yes,Working parttime,60
NA,0,1,13,Slghtly conservative,Strongly agree,NA,NA,Working parttime,60
NA,0,4,13,Extrmly conservative,Strongly agree,NA,NA,Retired,240
NA,0,16,14,Moderate,Agree,Yes,Yes,Working fulltime,960
No,0,1,4,Conservative,NA,Yes,No,Keeping house,60
NA,0,1,12,Moderate,Agree,No,No,Working fulltime,60
NA,0,0,10,Moderate,Disagree,NA,NA,Keeping house,0
NA,0,2,9,Slghtly conservative,Strongly agree,NA,NA,"Unempl, laid off",120
NA,30,0,14,Slghtly conservative,Agree,NA,NA,"Unempl, laid off",30
NA,0,2,9,Moderate,Disagree,NA,NA,Keeping house,120
NA,0,18,14,Moderate,Agree,NA,NA,Working fulltime,1080
Yes,0,0,14,Slghtly conservative,NA,No,No,Working fulltime,0
NA,0,2,12,Moderate,Agree,NA,NA,Working fulltime,120
Yes,30,0,12,Slightly liberal,NA,NA,NA,Working fulltime,30
NA,45,0,16,Moderate,Agree,No,No,Retired,45
No,0,2,16,Extrmly conservative,NA,No,No,Keeping house,120
NA,0,20,17,Moderate,Strongly disagree,NA,NA,Retired,1200
NA,5,0,12,Liberal,Agree,No,No,Other,5
NA,0,0,12,Conservative,Strongly agree,NA,NA,Working parttime,0
Does not apply (i do not have a job/superior/co-worker),0,1,13,Conservative,NA,NA,NA,School,60
NA,0,2,16,Slghtly conservative,Disagree,NA,NA,Retired,120
No,0,1,14,Moderate,NA,No,No,Other,60
NA,30,0,11,Liberal,Disagree,No,No,Working fulltime,30
Does not apply (i do not have a job/superior/co-worker),0,1,17,Slghtly conservative,NA,NA,NA,Retired,60
NA,0,3,13,Moderate,Agree,NA,NA,School,180
Does not apply (i do not have a job/superior/co-worker),0,1,14,Moderate,NA,No,No,Retired,60
NA,0,0,10,Liberal,Agree,NA,NA,Working fulltime,0
NA,0,1,16,Slghtly conservative,Strongly agree,NA,NA,Retired,60
NA,0,7,12,Conservative,Disagree,NA,NA,Working fulltime,420
No,0,1,16,Moderate,NA,No,No,Working fulltime,60
NA,0,2,14,Liberal,Strongly agree,NA,NA,Working parttime,120
NA,0,3,14,Moderate,Agree,No,No,Working parttime,180
NA,0,15,18,Slightly liberal,Strongly agree,NA,NA,Working fulltime,900
NA,0,8,18,Liberal,Agree,NA,NA,Working parttime,480
NA,0,1,16,Slightly liberal,Strongly agree,No,No,Working fulltime,60
NA,0,10,17,Slightly liberal,Agree,NA,NA,Working parttime,600
No,0,0,12,Moderate,NA,No,No,Working parttime,0
NA,0,1,14,Moderate,Strongly agree,Yes,No,Working fulltime,60
NA,0,1,14,Conservative,Agree,NA,NA,Working fulltime,60
No,0,1,14,Conservative,NA,No,No,Working fulltime,60
NA,0,12,12,Conservative,Disagree,No,No,Retired,720
No,0,1,16,Slightly liberal,NA,No,No,Keeping house,60
NA,0,4,12,Slightly liberal,Agree,NA,NA,Working fulltime,240
No,10,0,12,Slghtly conservative,NA,No,No,Working fulltime,10
NA,0,1,12,Conservative,Agree,No,No,Other,60
NA,0,7,14,Moderate,Agree,NA,NA,School,420
NA,0,5,12,Liberal,Agree,NA,NA,Working fulltime,300
NA,0,30,12,Moderate,Strongly agree,Yes,No,Working fulltime,1800
NA,30,1,12,Moderate,Agree,NA,NA,Working fulltime,90
No,0,1,14,Conservative,NA,No,No,Retired,60
NA,0,0,18,Slghtly conservative,Strongly agree,NA,NA,Retired,0
Yes,0,10,12,Moderate,NA,NA,NA,Working fulltime,600
NA,0,5,16,Slghtly conservative,Strongly agree,No,No,Keeping house,300
No,0,0,12,Conservative,NA,NA,NA,Retired,0
No,0,1,12,Slghtly conservative,NA,No,No,Retired,60
NA,0,2,17,Moderate,Strongly agree,Yes,Yes,Working fulltime,120
NA,0,0,10,Moderate,Agree,NA,NA,"Unempl, laid off",0
NA,0,5,20,Moderate,Agree,NA,NA,"Unempl, laid off",300
NA,0,2,14,Moderate,Agree,Yes,Yes,Working fulltime,120
NA,0,0,11,Slightly liberal,Disagree,No,No,Keeping house,0
No,10,0,12,Moderate,NA,No,Yes,Working fulltime,10
NA,0,14,16,Moderate,Agree,NA,NA,Working fulltime,840
NA,0,0,12,Extrmly conservative,Disagree,NA,NA,Working fulltime,0
No,0,0,12,Slghtly conservative,NA,Yes,No,Working fulltime,0
NA,0,0,12,Moderate,Strongly agree,NA,NA,Working fulltime,0
NA,0,5,13,Moderate,Agree,NA,NA,Working fulltime,300
NA,0,8,14,Slghtly conservative,Agree,NA,NA,Working fulltime,480
NA,0,5,12,Slghtly conservative,Agree,NA,NA,Working fulltime,300
No,0,2,13,Slghtly conservative,NA,No,No,Working fulltime,120
NA,0,0,10,Slightly liberal,Agree,NA,NA,Retired,0
No,0,0,9,Extrmly conservative,NA,No,No,Retired,0
NA,0,0,12,Moderate,Disagree,NA,NA,Working fulltime,0
No,0,5,20,Liberal,NA,No,No,Retired,300
NA,0,10,16,Slghtly conservative,Agree,NA,NA,Working fulltime,600
NA,0,12,20,Liberal,Agree,No,No,Working fulltime,720
NA,0,2,18,Moderate,Agree,NA,NA,Retired,120
NA,0,30,10,Conservative,Agree,No,No,Working fulltime,1800
NA,0,0,7,Moderate,Agree,NA,NA,Keeping house,0
NA,0,5,16,Conservative,Disagree,NA,NA,Working fulltime,300
No,0,40,13,Liberal,NA,No,No,Working fulltime,2400
NA,0,1,17,Moderate,Agree,NA,NA,Working fulltime,60
NA,0,1,15,Conservative,Agree,No,No,School,60
Does not apply (i do not have a job/superior/co-worker),0,3,12,Slghtly conservative,NA,No,No,Retired,180
NA,0,1,13,Slightly liberal,Agree,NA,NA,Working fulltime,60
NA,0,20,12,Moderate,Strongly agree,Yes,No,Working parttime,1200
NA,0,7,20,Moderate,Strongly agree,NA,NA,Working fulltime,420
No,0,0,10,Conservative,NA,NA,NA,Retired,0
NA,0,5,18,Moderate,Agree,NA,NA,Keeping house,300
No,10,0,12,Slghtly conservative,NA,NA,NA,Keeping house,10
NA,0,7,16,Extremely liberal,Strongly agree,NA,NA,Working fulltime,420
NA,0,3,18,Moderate,Disagree,NA,NA,Working fulltime,180
NA,0,12,16,Conservative,Strongly agree,NA,NA,Working fulltime,720
No,0,0,12,Liberal,NA,No,No,Working parttime,0
NA,0,0,9,Moderate,Agree,NA,NA,Keeping house,0
NA,0,15,14,Moderate,Agree,NA,NA,Working fulltime,900
NA,0,10,15,Moderate,Agree,NA,NA,Working fulltime,600
No,0,1,15,Liberal,NA,No,No,Working fulltime,60
NA,0,1,18,Extremely liberal,Agree,NA,NA,Working fulltime,60
No,0,2,15,Moderate,NA,No,No,"Unempl, laid off",120
NA,30,0,13,Slightly liberal,Agree,NA,NA,Retired,30
No,0,5,12,Conservative,NA,No,No,Working fulltime,300
NA,0,0,10,Slghtly conservative,Disagree,NA,NA,Keeping house,0
No,0,1,12,Conservative,NA,No,No,Working fulltime,60
NA,0,4,15,Conservative,Agree,No,No,Working fulltime,240
No,0,0,12,Moderate,NA,No,No,Keeping house,0
NA,0,0,12,Moderate,Disagree,NA,NA,Working fulltime,0
NA,0,0,13,Moderate,Disagree,NA,NA,Working fulltime,0
No,0,0,12,Slightly liberal,NA,NA,NA,Working fulltime,0
No,0,8,11,Moderate,NA,Yes,Yes,Keeping house,480
NA,0,4,12,Moderate,Agree,NA,NA,Working fulltime,240
NA,0,0,12,Moderate,Agree,NA,NA,Working fulltime,0
No,0,0,14,Slghtly conservative,NA,NA,NA,Retired,0
NA,20,0,9,Moderate,Agree,NA,NA,Temp not working,20
Yes,0,2,12,Moderate,NA,Yes,Yes,"Unempl, laid off",120
NA,0,1,12,Conservative,Agree,No,No,Working fulltime,60
NA,0,0,12,Extremely liberal,Agree,NA,NA,Working parttime,0
NA,0,30,14,Conservative,Agree,No,No,Working fulltime,1800
NA,0,5,19,Moderate,Agree,NA,NA,Working fulltime,300
NA,30,0,11,Liberal,Strongly agree,NA,NA,Working fulltime,30
NA,30,1,12,Slghtly conservative,Strongly agree,NA,NA,Working fulltime,90
NA,0,12,12,Moderate,Disagree,NA,NA,Keeping house,720
NA,0,8,11,Extremely liberal,Agree,NA,NA,Keeping house,480
NA,0,0,10,Moderate,Disagree,NA,NA,Working fulltime,0
NA,0,4,12,NA,Agree,No,No,Working parttime,240
NA,40,0,12,Slghtly conservative,Agree,NA,NA,Keeping house,40
NA,10,0,10,Moderate,Strongly agree,NA,NA,Keeping house,10
NA,0,1,16,Extrmly conservative,Disagree,NA,NA,Retired,60
NA,30,0,14,Conservative,Agree,NA,NA,Retired,30
No,0,1,6,Moderate,NA,No,No,Working fulltime,60
NA,0,1,12,Moderate,Agree,NA,NA,Keeping house,60
No,0,4,12,Moderate,NA,NA,NA,Working fulltime,240
No,0,0,12,Moderate,NA,NA,NA,Working parttime,0
NA,0,0,16,Conservative,Strongly agree,NA,NA,Keeping house,0
NA,0,1,12,Slightly liberal,Disagree,NA,NA,"Unempl, laid off",60
No,30,2,18,Liberal,NA,NA,NA,Working parttime,150
Yes,0,40,19,Conservative,NA,No,No,Working fulltime,2400
Yes,0,0,18,Moderate,NA,NA,NA,Working fulltime,0
NA,0,4,16,Moderate,Agree,NA,NA,Working fulltime,240
NA,0,1,10,Conservative,Agree,NA,NA,Retired,60
NA,0,1,12,Moderate,Strongly agree,NA,NA,Retired,60
NA,30,0,12,Moderate,Disagree,Yes,Yes,Other,30
NA,0,2,20,Extrmly conservative,Agree,NA,NA,Working fulltime,120
No,0,4,16,Slghtly conservative,NA,No,No,Working fulltime,240
NA,0,1,16,Liberal,Agree,No,No,Working fulltime,60
NA,0,0,12,Conservative,Disagree,NA,NA,Working fulltime,0
NA,0,7,18,Moderate,Agree,NA,NA,Retired,420
NA,0,10,16,Extremely liberal,Strongly agree,NA,NA,Working fulltime,600
NA,0,20,16,Moderate,Agree,No,No,Working fulltime,1200
Yes,0,8,16,Liberal,NA,No,No,Working fulltime,480
NA,0,10,16,Liberal,Agree,No,No,Retired,600
NA,0,2,14,Liberal,Strongly agree,NA,NA,Working fulltime,120
NA,0,5,14,Slghtly conservative,Strongly agree,NA,NA,Working fulltime,300
NA,0,6,14,Moderate,Agree,NA,NA,Working fulltime,360
NA,0,20,12,Moderate,Strongly agree,No,No,Working fulltime,1200
NA,0,10,16,Moderate,Strongly agree,NA,NA,Working fulltime,600
NA,0,5,15,Liberal,Strongly agree,Yes,Yes,School,300
NA,0,1,15,Extremely liberal,Strongly agree,NA,NA,Working fulltime,60
Yes,0,12,12,Moderate,NA,No,No,Working fulltime,720
NA,0,4,15,Slghtly conservative,Agree,NA,NA,Working fulltime,240
NA,0,1,13,Moderate,Agree,NA,NA,Retired,60
NA,0,20,20,Extremely liberal,Agree,No,Yes,Working fulltime,1200
NA,0,2,15,Conservative,Disagree,NA,NA,Working fulltime,120
No,0,0,14,Moderate,NA,NA,NA,Keeping house,0
NA,0,1,14,Slghtly conservative,Agree,NA,NA,Working fulltime,60
